Date,SDofDomBanks,SPIEX,SMI,SMIMid,Gov10yr,Gov3yr,Libor3M_CHF,CHFUSD,CHFEUR
01/02/2008,5060.2,181.37,7815.98,1484,2.817,2.334,2.65667,0.9178,0.62
08/02/2008,4489.5,177.52,7446.95,1437.85,2.761,2.225,2.71833,0.9073,0.6255
15/02/2008,6037.5,182.47,7353,1481.68,2.855,2.31,2.765,0.9147,0.623
22/02/2008,6137.8,183.05,7454.75,1493.3,2.901,2.384,2.78333,0.9216,0.6215
29/02/2008,5987.6,182.13,7533.86,1492.38,2.96,2.366,2.79667,0.9604,0.6328
07/03/2008,4696.4,176.85,7174.15,1446.97,2.967,2.34,2.815,0.9755,0.6352
14/03/2008,3998.6,174.02,7132.03,1418.37,2.882,2.27,2.80667,1.0013,0.6388
21/03/2008,6445.4,167.38,7009.86,1360.04,2.75,2.234,2.83667,0.9908,0.642
28/03/2008,6437.9,175.06,7239.35,1425.89,2.948,2.41,2.885,1.0047,0.636
04/04/2008,3785.6,179.69,7573.49,1465.43,2.966,2.455,2.89667,0.9941,0.6317
11/04/2008,5517.8,173.57,7258.96,1396.47,2.958,2.396,2.81333,0.9988,0.6318
18/04/2008,5212.2,178.09,7418.02,1447.18,3.177,2.697,2.84833,0.9822,0.621
25/04/2008,4000.2,180.33,7509.48,1468.98,3.158,2.641,2.84167,0.9669,0.6186
02/05/2008,4690.4,184.27,7665.8,1507.16,3.128,2.611,2.805,0.9459,0.6132
09/05/2008,4722.9,183.95,7483.97,1506.16,2.982,2.524,2.775,0.9605,0.6205
16/05/2008,4007.3,187.22,7653.71,1535.3,3.019,2.63,2.77833,0.9544,0.6127
23/05/2008,5515.3,183.81,7459.94,1501.78,3.052,2.693,2.775,0.9758,0.6191
30/05/2008,4908.2,186.53,7511.29,1530.9,3.19,2.788,2.7775,0.9595,0.6169
06/06/2008,5097,185.56,7386.42,1516.26,3.229,3.002,2.82667,0.9817,0.6222
13/06/2008,7239,180.93,7261.37,1470.03,3.418,3.093,2.90583,0.9553,0.6212
20/06/2008,5076.6,176.37,7069.44,1424.19,3.38,3.009,2.82,0.9654,0.6186
27/06/2008,4842.8,170.82,6861.54,1369.55,3.291,2.901,2.78833,0.9825,0.6221
04/07/2008,4424.4,163.53,6772.74,1301.51,3.245,2.868,2.8,0.9751,0.6209
11/07/2008,5753.3,159,6638.89,1253.12,3.128,2.744,2.8,0.9841,0.6175
18/07/2008,4397.9,162.81,6827.31,1306.13,3.19,2.774,2.78667,0.9779,0.6171
25/07/2008,5105.7,164.6,7015.03,1328.34,3.226,2.684,2.76417,0.9648,0.6141
01/08/2008,5411.1,164.54,7141.21,1318.99,3.054,2.518,2.755,0.9528,0.6121
08/08/2008,5077.9,167.64,7262.1,1358.65,2.985,2.437,2.74833,0.9242,0.6158
15/08/2008,5882.4,168.67,7235.93,1372.41,2.88,2.306,2.74667,0.9117,0.6207
22/08/2008,5477.3,166.03,7094.12,1339.37,2.906,2.388,2.74833,0.9102,0.6153
29/08/2008,5221.3,169.54,7238.74,1383.68,2.885,2.395,2.745,0.908,0.6189
05/09/2008,5161,166.13,6976.59,1356.42,2.769,2.249,2.73,0.8939,0.6266
12/09/2008,5082.1,167.37,7215.5,1376.1,2.845,2.294,2.73,0.8847,0.622
19/09/2008,5286.8,166.54,7025.17,1388.79,2.782,1.982,2.79333,0.9047,0.6254
26/09/2008,5057.1,159.26,6815.52,1312.29,2.742,1.924,2.855,0.9174,0.6277
03/10/2008,9340,149.63,6879.82,1226.25,2.624,1.694,3.02167,0.8861,0.6433
10/10/2008,7622.5,126.35,5347.22,1029.49,2.833,1.574,3.12667,0.8783,0.6548
17/10/2008,7502.2,128.37,6099.62,1041.23,2.974,1.928,3.09,0.8799,0.6558
24/10/2008,7355.5,119.64,5675.09,969.03,2.73,1.837,2.92,0.8568,0.6787
31/10/2008,10061.6,123.92,6153.21,1008.67,2.837,1.8,2.71833,0.8614,0.677
07/11/2008,6232.9,124.68,6008.16,1022.42,2.717,1.967,2.305,0.8484,0.6671
14/11/2008,6656.1,119.91,5834.75,984.97,2.603,1.773,2.07667,0.8354,0.6635
21/11/2008,15589.7,110.75,5144.02,906.4,2.25,1.302,1.325,0.8177,0.6506
28/11/2008,24957.8,119.19,5816.6,989.55,2.277,1.422,1.255,0.8241,0.6494
05/12/2008,15581.3,112.96,5530.84,919.21,2.051,1.112,1.16667,0.8191,0.6441
12/12/2008,33547.6,115.7,5636.17,959.74,2.207,1.017,0.83667,0.8485,0.6347
19/12/2008,44329.1,115.62,5459.86,968.4,2.169,0.919,0.73833,0.906,0.6512
26/12/2008,35742.2,115.07,5399.58,956.54,2.121,0.919,0.7,0.9345,0.6661
02/01/2009,37186.2,116.83,5534.53,970.08,2.095,0.92,0.64833,0.9245,0.6644
09/01/2009,39019,120.13,5697.24,1001.34,2.246,1.129,0.59833,0.8974,0.6663
16/01/2009,40087,115.03,5435.54,954.61,2.172,1.015,0.55833,0.8931,0.6742
23/01/2009,37023,110.65,5306.91,913.8,2.211,1.044,0.54,0.8662,0.6677
30/01/2009,45258,113.44,5290.05,942.29,2.175,0.899,0.52667,0.8619,0.6724
06/02/2009,43979,114.62,5123.09,968.36,2.144,0.899,0.51,0.862,0.6662
13/02/2009,52177,114.14,5126.84,961.24,1.991,0.789,0.49833,0.8617,0.67
20/02/2009,45490,107.06,4851.21,891.43,2.102,0.777,0.505,0.8654,0.6746
27/02/2009,44956,103.97,4690.67,861,2.235,0.919,0.495,0.8553,0.675
06/03/2009,44758,97.9,4311.61,813.73,2.109,0.84,0.48,0.8634,0.6824
13/03/2009,44502,102.65,4726.74,864.34,2.136,0.819,0.415,0.8439,0.6527
20/03/2009,52563,105.93,4787.17,893.58,2.009,0.783,0.41,0.8872,0.6534
27/03/2009,64156,106.89,4872.33,892.8,2.147,0.841,0.40417,0.8742,0.6577
03/04/2009,69118,111.18,5042.99,930.19,2.181,0.93,0.40333,0.8841,0.6556
10/04/2009,66532,112.68,5070.6,940.25,2.205,0.88,0.40333,0.8661,0.6567
17/04/2009,72915,116.21,5192.63,971.97,2.151,0.823,0.39667,0.8584,0.6581
24/04/2009,69791,118.55,5113.05,992.09,2.062,0.778,0.40167,0.878,0.663
01/05/2009,80693,120.68,5225.92,1013.56,2.14,0.809,0.40333,0.8803,0.6634
08/05/2009,66132,125.93,5391.01,1051.32,2.367,0.835,0.405,0.9048,0.6633
15/05/2009,56121,123.94,5350.67,1026.17,2.312,0.779,0.40333,0.8917,0.6607
22/05/2009,57365,126.56,5409.26,1046.15,2.357,0.805,0.4,0.9213,0.6581
29/05/2009,61191,125.64,5349.74,1038.93,2.414,0.792,0.39833,0.9372,0.662
05/06/2009,62872,128.61,5398.9,1073.46,2.495,0.867,0.39833,0.9208,0.6592
12/06/2009,58638,129.84,5521.84,1081.15,2.442,0.873,0.395,0.9268,0.6612
19/06/2009,58691,126.09,5421.59,1042.48,2.367,0.824,0.39667,0.925,0.6636
26/06/2009,63356,125.79,5375.99,1042.81,2.326,0.799,0.395,0.9229,0.6567
03/07/2009,70555,125.28,5338.51,1037.4,2.279,0.769,0.39333,0.9203,0.6583
10/07/2009,67202,122.8,5237.81,1014.81,2.236,0.763,0.38,0.9206,0.6605
17/07/2009,67420,126.41,5594.14,1050.71,2.258,0.776,0.36667,0.9288,0.6586
24/07/2009,62753,128.93,5760.9,1068.58,2.16,0.709,0.36,0.9332,0.6568
31/07/2009,62312,133.41,5950.69,1112.98,1.97,0.61,0.36,0.9361,0.6565
07/08/2009,63201,135.69,6026.4,1134.06,2.108,0.761,0.35667,0.925,0.6522
14/08/2009,62371,137.05,5985.3,1142.92,1.996,0.661,0.34833,0.9329,0.6568
21/08/2009,62130,139.23,6139.8,1163.53,2.027,0.673,0.33667,0.9449,0.6595
28/08/2009,57918,141.46,6211.58,1181.75,2.006,0.634,0.31667,0.9437,0.6598
04/09/2009,57146,139.49,6119.07,1163.85,2.051,0.701,0.30667,0.9429,0.6594
11/09/2009,54176,145.19,6232.99,1218.15,2.096,0.711,0.30667,0.9632,0.6609
18/09/2009,49283,147.79,6325.15,1234.43,2.13,0.719,0.29667,0.9713,0.6603
25/09/2009,44595,145.53,6236.91,1211.26,2.055,0.731,0.29167,0.9733,0.6625
02/10/2009,47299,142.7,6150.17,1178.77,1.954,0.697,0.28667,0.9663,0.6627
09/10/2009,50695,147.3,6291.64,1230.04,2.018,0.753,0.285,0.9695,0.6582
16/10/2009,49343,147.85,6345.26,1233.13,2.103,0.796,0.2685,0.9822,0.6589
23/10/2009,45298,145.95,6378.06,1211.87,2.125,0.813,0.26683,0.9913,0.6605
30/10/2009,44616,141.63,6285.76,1173.97,2.022,0.791,0.26183,0.9745,0.662
06/11/2009,42118,143.86,6293.61,1202.24,1.986,0.754,0.25833,0.983,0.662
13/11/2009,42504,146.54,6351.08,1233.47,1.979,0.735,0.255,0.9877,0.6628
20/11/2009,44556,144.53,6277.46,1206.61,1.965,0.671,0.25167,0.9824,0.661
27/11/2009,46610,143.22,6336.66,1200.64,1.864,0.606,0.25,0.9944,0.6635
04/12/2009,43475,145.79,6501.16,1229.51,1.868,0.61,0.25333,0.9839,0.6622
11/12/2009,41517,144.37,6411.58,1215.95,1.887,0.611,0.25167,0.967,0.6613
18/12/2009,41345,145.06,6464.32,1219.6,1.803,0.571,0.25167,0.9594,0.6689
25/12/2009,40527,146.91,6579.98,1240.18,1.858,0.567,0.25167,0.9653,0.6698
01/01/2010,41261,147.49,6545.91,1242.18,1.901,0.595,0.25167,0.9686,0.6744
08/01/2010,42251,152.92,6617.88,1289.47,2.005,0.622,0.25,0.9769,0.678
15/01/2010,40048,153.76,6576.02,1295.1,1.943,0.573,0.25,0.9753,0.6779
22/01/2010,37657,151.79,6493.96,1275.7,2.001,0.526,0.25,0.9603,0.6791
29/01/2010,37995,151.28,6440.72,1269.3,2.003,0.527,0.25,0.9429,0.6801
05/02/2010,38359,147.41,6264.33,1227.64,1.95,0.455,0.25,0.9323,0.6816
12/02/2010,36705,147.53,6416.2,1226.84,1.939,0.396,0.24833,0.9298,0.6821
19/02/2010,38830,150.19,6709.68,1255.71,1.98,0.37,0.24833,0.9298,0.6827
26/02/2010,41281,150.25,6710.99,1252.06,1.903,0.333,0.25,0.9316,0.6833
05/03/2010,41724,155.22,6847.78,1304.73,1.869,0.386,0.24833,0.9311,0.6833
12/03/2010,43801,156.73,6836.6,1307.95,1.908,0.468,0.25,0.9454,0.6866
19/03/2010,47848,158.34,6880.76,1320.05,1.928,0.678,0.24833,0.9422,0.6964
26/03/2010,44621,160.35,6838.95,1341.66,1.914,0.663,0.24667,0.9388,0.7001
02/04/2010,46398,162.5,6888.92,1354.02,1.9,0.664,0.24667,0.9427,0.6982
09/04/2010,52661,164.76,6888.97,1376.7,1.928,0.713,0.24667,0.9384,0.6951
16/04/2010,54307,165.42,6893.69,1381.7,1.89,0.668,0.24333,0.9424,0.6978
23/04/2010,45153,165.4,6767.97,1383.25,1.856,0.682,0.2425,0.9318,0.6965
30/04/2010,48452,161.12,6616.82,1342.2,1.781,0.612,0.24583,0.9281,0.698
07/05/2010,60606,148.69,6205.63,1230.77,1.649,0.374,0.23417,0.9025,0.7076
14/05/2010,76005,154.11,6428.68,1284.29,1.688,0.372,0.21667,0.8822,0.7139
21/05/2010,78807,149.09,6206.59,1234.12,1.533,0.283,0.16667,0.8698,0.6921
28/05/2010,103520,151.76,6321.92,1261.71,1.552,0.355,0.10833,0.8627,0.7029
04/06/2010,93005,151.8,6298.97,1261.84,1.496,0.382,0.07833,0.8599,0.7189
11/06/2010,68693,154.04,6426.74,1290.21,1.52,0.387,0.09,0.8701,0.7182
18/06/2010,51686,155.21,6447.06,1296.85,1.589,0.522,0.10833,0.9021,0.7283
25/06/2010,48338,152.2,6275.35,1263.46,1.511,0.453,0.11,0.9153,0.7397
02/07/2010,61254,148.05,5974.3,1222.09,1.432,0.43,0.11,0.941,0.7488
09/07/2010,74461,152.27,6210.49,1265.22,1.422,0.437,0.11667,0.9455,0.7479
16/07/2010,54312,152.52,6184.37,1267.23,1.411,0.433,0.1175,0.9516,0.7361
23/07/2010,47421,152.27,6201.25,1263.21,1.441,0.429,0.15333,0.9485,0.7347
30/07/2010,51310,153.39,6200.78,1271.35,1.459,0.473,0.17167,0.9605,0.7359
06/08/2010,50755,156.37,6321.36,1298.41,1.381,0.448,0.17167,0.9626,0.7248
13/08/2010,47465,152.91,6294.34,1260.41,1.235,0.378,0.16833,0.9514,0.7459
20/08/2010,42607,152.4,6185.82,1256.85,1.117,0.35,0.15833,0.967,0.7609
27/08/2010,35772,151.21,6183.14,1249.63,1.138,0.357,0.155,0.9726,0.7623
03/09/2010,28612,154.52,6400.71,1280.68,1.284,0.434,0.16667,0.9838,0.7629
10/09/2010,26022,154.95,6467.69,1282.86,1.44,0.495,0.17917,0.9814,0.7733
17/09/2010,28140,155.43,6389.02,1283.82,1.492,0.665,0.17833,0.9903,0.7589
24/09/2010,25356,157.32,6360.77,1302.49,1.439,0.62,0.175,1.0172,0.7537
01/10/2010,30126,158.94,6284.17,1315.93,1.436,0.64,0.18,1.027,0.7445
15/10/2010,31597,162.52,6443.01,1349.77,1.485,0.619,0.17417,1.0427,0.7462
22/10/2010,32212,163.63,6477.13,1354.01,1.513,0.631,0.17083,1.023,0.7335
29/10/2010,28643,163.94,6472.23,1353.7,1.494,0.683,0.16833,1.018,0.7299
05/11/2010,26255,166.9,6587.72,1384.24,1.449,0.624,0.1675,1.0397,0.741
12/11/2010,23369,165.47,6505.29,1370.08,1.509,0.661,0.16583,1.0195,0.7445
19/11/2010,22970,168.19,6590.84,1396.77,1.546,0.675,0.17,1.0077,0.737
26/11/2010,22636,167.83,6483.56,1389.67,1.63,0.663,0.17,0.9966,0.7526
03/12/2010,23003,171.73,6440.9,1430.45,1.685,0.662,0.16833,1.0273,0.7657
10/12/2010,22937,172.7,6519.14,1428.42,1.741,0.685,0.17,1.0192,0.7707
17/12/2010,22651,173.07,6538.16,1429.33,1.828,0.797,0.16917,1.032,0.7823
24/12/2010,21645,174.61,6599.43,1442.19,1.696,0.72,0.17083,1.039,0.7919
31/12/2010,28497,173.41,6436.04,1426.43,1.716,0.682,0.17,1.0693,0.7994
07/01/2011,33479,171.89,6497.64,1404.06,1.73,0.708,0.17,1.0339,0.8008
14/01/2011,30062,174.03,6556.09,1418.74,1.836,0.801,0.16833,1.0378,0.7753
21/01/2011,30169,171.14,6567.31,1386.33,1.874,0.846,0.16833,1.0434,0.766
28/01/2011,27473,172.75,6528.13,1404.31,1.832,0.852,0.17,1.0616,0.78
04/02/2011,25974,174.32,6584.4,1419.18,1.889,0.844,0.17,1.0473,0.7709
11/02/2011,27716,175.59,6665.22,1427.87,1.907,0.806,0.17,1.0275,0.7584
18/02/2011,28762,175.74,6717.25,1427.79,1.906,0.826,0.17,1.0587,0.7731
25/02/2011,27138,171.25,6537.2,1390.13,1.873,0.819,0.17,1.0774,0.7832
04/03/2011,24875,174.09,6530.54,1420.53,1.857,0.869,0.17333,1.0816,0.7733
11/03/2011,24242,170.16,6353.76,1382,1.813,0.815,0.18,1.0755,0.7736
18/03/2011,23436,165.58,6098.05,1337.5,1.777,0.748,0.17833,1.1098,0.7826
25/03/2011,24285,172.16,6352.28,1398.08,1.838,0.879,0.18,1.087,0.7716
01/04/2011,23746,174.2,6439.91,1412.54,1.966,0.951,0.18,1.0825,0.7604
08/04/2011,24213,174.76,6457.93,1423.81,2.097,1.077,0.185,1.1032,0.7616
15/04/2011,24011,172.78,6400.26,1400.18,2.072,1,0.185,1.1208,0.7767
22/04/2011,24309,174.73,6457.16,1423.12,2.045,0.951,0.185,1.1285,0.7749
29/04/2011,24318,176.07,6539.7,1435.23,2.033,0.953,0.185,1.1557,0.7804
06/05/2011,23369,175.26,6526.51,1432.66,1.928,0.843,0.185,1.1377,0.7946
13/05/2011,23104,174.66,6563.26,1427.95,1.856,0.77,0.17833,1.1205,0.7933
20/05/2011,26860,173.28,6530.61,1415.05,1.834,0.736,0.17833,1.1397,0.805
27/05/2011,25742,170.63,6489.32,1391.8,1.789,0.663,0.17583,1.1773,0.8224
03/06/2011,24727,170.66,6407.39,1393.34,1.758,0.622,0.17583,1.1997,0.8196
10/06/2011,25802,164.84,6197.25,1339.47,1.603,0.454,0.175,1.1862,0.8268
17/06/2011,26653,161.77,6145.16,1316.48,1.653,0.388,0.17583,1.1789,0.8235
24/06/2011,25232,158.02,5998.02,1283.37,1.609,0.329,0.175,1.2003,0.8457
01/07/2011,27332,163.4,6237.81,1334.07,1.676,0.402,0.175,1.1795,0.812
08/07/2011,28208,162.34,6152.69,1319.53,1.624,0.336,0.175,1.1955,0.838
15/07/2011,27779,154.67,5938.06,1250.45,1.49,0.239,0.175,1.2269,0.8666
22/07/2011,29576,156.07,6031.93,1266.38,1.504,0.288,0.175,1.2207,0.8503
29/07/2011,30161,149.58,5783.35,1206.83,1.336,0.171,0.175,1.2728,0.884
05/08/2011,29901,133.27,5172.06,1061.34,1.205,0.022,0.1025,1.3031,0.9128
12/08/2011,61148,132.38,5252.81,1057.91,1.175,0.065,0.05167,1.2846,0.9017
19/08/2011,114551,127.36,5093.75,1008.97,0.881,0.06,0.00833,1.2737,0.8847
26/08/2011,163906,132.02,5323.12,1057.23,0.983,0.038,0.005,1.2402,0.8553
02/09/2011,191609,134.61,5359.67,1078.49,0.954,-0.017,0.005,1.2686,0.893
09/09/2011,207678,134.03,5430.77,1078.41,0.978,0.052,0.00667,1.1315,0.8288
16/09/2011,205785,137.12,5452.88,1105.52,0.989,-0.002,0.00667,1.142,0.8275
23/09/2011,203405,130.17,5298.83,1041.82,0.888,-0.055,0.01,1.1041,0.8186
30/09/2011,200471,133.58,5531.74,1071.72,0.919,-0.045,0.02333,1.1011,0.8226
07/10/2011,198408,135.19,5652.23,1097.22,0.945,-0.005,0.03,1.0785,0.8062
14/10/2011,195553,138.38,5761.12,1119.79,1.038,-0.003,0.04,1.1217,0.8079
21/10/2011,190971,138.29,5753.52,1121.36,0.996,-0.029,0.04167,1.1331,0.8155
28/10/2011,191051,143.12,5852.66,1172.51,1.022,-0.005,0.04333,1.1583,0.8188
04/11/2011,187341.1,139.73,5659.83,1137.54,0.859,-0.101,0.04333,1.1305,0.8197
11/11/2011,188990.3,139.76,5649.03,1140.89,0.891,-0.056,0.04333,1.1113,0.8082
18/11/2011,189312.6,135.39,5614.61,1097.09,0.853,-0.023,0.05,1.091,0.8067
25/11/2011,185410,129.65,5395.61,1050.11,0.859,-0.059,0.05,1.0753,0.8122
02/12/2011,181149.1,137.65,5718.85,1129.83,0.814,-0.064,0.05167,1.0853,0.8104
09/12/2011,176542,137.54,5793.57,1124.61,0.731,-0.085,0.05167,1.0835,0.8093
16/12/2011,173301.6,132.76,5733.5,1081.92,0.69,-0.041,0.05167,1.0684,0.819
23/12/2011,179801.2,136.6,5893.89,1112.63,0.674,-0.045,0.05167,1.0677,0.8179
30/12/2011,179669.7,137.17,5936.23,1118.49,0.64,-0.067,0.05167,1.0647,0.8221
06/01/2012,180270.2,137.44,6013.83,1119.86,0.75,-0.041,0.05167,1.0469,0.8231
13/01/2012,175566.3,139.97,5996.34,1139.89,0.739,-0.023,0.06,1.05,0.8281
20/01/2012,170582.9,143.02,6122.67,1169.66,0.765,0.041,0.06167,1.07,0.8275
27/01/2012,168355.4,143.4,6033.52,1166.16,0.744,0.04,0.06667,1.0957,0.8289
03/02/2012,171720.6,147.37,6153.31,1202.31,0.732,0.016,0.075,1.0891,0.8279
10/02/2012,171284.1,146.87,6130.66,1188.57,0.802,-0.008,0.08333,1.0911,0.8268
17/02/2012,167399.1,148.68,6237.69,1209,0.769,-0.002,0.08417,1.087,0.8273
24/02/2012,167542.3,148.5,6184.13,1204.95,0.755,-0.031,0.08583,1.1161,0.8296
02/03/2012,164841.1,148.8,6149.37,1206.61,0.674,-0.022,0.09,1.0939,0.8288
09/03/2012,159980.9,148.57,6188.51,1207.73,0.698,-0.001,0.09333,1.0884,0.8292
16/03/2012,158816.1,150.82,6341.33,1227.73,0.931,0.078,0.1025,1.0922,0.829
23/03/2012,159405.4,148.02,6240.33,1200.72,0.877,0.059,0.10583,1.1013,0.83
30/03/2012,158633.7,149.25,6235.51,1212.92,0.843,0.043,0.11,1.108,0.8307
06/04/2012,157750.5,148,6163.49,1200.74,0.783,0,0.11167,1.0902,0.8327
13/04/2012,160846.4,146.68,6072.12,1183.39,0.728,-0.029,0.11167,1.0875,0.8316
20/04/2012,158742.7,147.45,6237.79,1189.41,0.76,-0.003,0.11167,1.1003,0.8322
27/04/2012,158763.8,148.96,6116.36,1205.87,0.707,-0.048,0.11167,1.1031,0.8323
04/05/2012,153604.1,146.83,6056.79,1183.27,0.648,-0.057,0.11167,1.0891,0.8325
11/05/2012,150900.3,144.24,5954.88,1161.91,0.629,-0.069,0.11167,1.0754,0.8325
18/05/2012,155849.8,139.43,5797.76,1120.64,0.601,-0.13,0.11167,1.0642,0.8327
25/05/2012,170070.8,139.81,5865.19,1122.97,0.631,-0.17,0.11333,1.0422,0.8326
01/06/2012,185407.7,136.76,5777.47,1096.14,0.492,-0.215,0.09583,1.0351,0.8325
08/06/2012,194607,138.66,5869.32,1115.55,0.58,-0.201,0.09167,1.0421,0.8325
15/06/2012,212507.8,138.01,5911.82,1111.4,0.553,-0.302,0.09083,1.0525,0.8328
22/06/2012,227955.2,139.08,5989.33,1120.79,0.547,-0.283,0.095,1.0468,0.8327
29/06/2012,237835.3,139.65,6066.86,1128.92,0.638,-0.243,0.087,1.0542,0.8324
06/07/2012,245161.2,141.19,6183.67,1144,0.52,-0.266,0.08,1.0232,0.8326
13/07/2012,249281.4,139.71,6181.81,1130.96,0.519,-0.295,0.074,1.02,0.8327
20/07/2012,261398.5,142,6284.81,1155.6,0.466,-0.311,0.07,1.0121,0.8324
27/07/2012,270922.9,142.31,6362.82,1153.81,0.51,-0.28,0.064,1.0257,0.8325
03/08/2012,277299.4,143.29,6461.54,1160.39,0.499,-0.29,0.054,1.0308,0.8321
10/08/2012,277537,145.04,6483.44,1175.56,0.56,-0.272,0.052,1.0233,0.8328
17/08/2012,280584.7,145.45,6529.34,1183.49,0.55,-0.243,0.05,1.0268,0.8326
24/08/2012,286375.4,143.69,6475.94,1166.51,0.52,-0.347,0.048,1.042,0.8328
31/08/2012,288959.3,143.25,6388.01,1164.8,0.49,-0.403,0.046,1.0472,0.8326
07/09/2012,291114.3,146.83,6537.32,1200.58,0.568,-0.184,0.046,1.0588,0.8262
14/09/2012,294151.6,150.66,6559.16,1237.01,0.641,-0.188,0.046,1.0791,0.8219
21/09/2012,292305.2,148.71,6605.82,1215.56,0.58,-0.179,0.045,1.0721,0.8259
28/09/2012,291244.9,146.32,6495.88,1187.45,0.55,-0.169,0.044,1.064,0.8275
05/10/2012,291041,148.81,6674.82,1207.1,0.526,-0.185,0.04,1.0756,0.8246
12/10/2012,293143.6,147.31,6655.2,1188.55,0.478,-0.205,0.037,1.0713,0.8272
19/10/2012,292162.8,148.86,6756.14,1204.98,0.507,-0.221,0.037,1.0769,0.8271
26/10/2012,293309.4,147.8,6600.84,1193.78,0.494,-0.207,0.034,1.0699,0.827
02/11/2012,290678.6,149.37,6701.37,1211.2,0.469,-0.221,0.032,1.0634,0.8286
09/11/2012,291522.4,147.54,6715.2,1193.97,0.419,-0.263,0.03,1.054,0.8289
16/11/2012,292700,143.94,6508.66,1164.6,0.418,-0.266,0.03,1.0576,0.8299
23/11/2012,294558.8,148.39,6715.09,1212.6,0.471,-0.243,0.03,1.0773,0.8304
30/11/2012,293104.1,149.76,6820.6,1224.31,0.428,-0.253,0.03,1.0775,0.8297
07/12/2012,292764.3,151.64,6925.25,1243.81,0.369,-0.312,0.014,1.0701,0.8275
14/12/2012,294270.1,151.4,6902.51,1241.28,0.507,-0.249,0.016,1.0895,0.8276
21/12/2012,292812.9,152.16,6889.54,1247.26,0.534,-0.253,0.012,1.0925,0.8285
28/12/2012,288526.3,152.01,6822.44,1243.81,0.505,-0.218,0.012,1.0947,0.8282
04/01/2013,282639.5,156.66,7058.92,1291.09,0.557,-0.091,0.012,1.0815,0.8275
11/01/2013,283683.1,158.56,7188.22,1303.68,0.632,-0.081,0.016,1.0946,0.8203
18/01/2013,284330.6,160.67,7368.8,1325.59,0.665,0.01,0.02,1.0705,0.8035
25/01/2013,283522.1,161.5,7458.66,1332.09,0.724,0.064,0.02,1.0793,0.802
01/02/2013,281934.2,161.01,7420.35,1328.42,0.755,0.058,0.024,1.1009,0.8075
08/02/2013,280226.2,161.72,7395.97,1333.13,0.728,0.017,0.024,1.0902,0.8157
15/02/2013,285024.8,164.31,7500.57,1359.88,0.76,0.005,0.024,1.0848,0.8118
22/02/2013,288047.8,164.48,7554.38,1358.05,0.749,-0.009,0.024,1.0759,0.8156
01/03/2013,286144.2,165.39,7601.99,1367.12,0.666,-0.047,0.022,1.0607,0.8146
08/03/2013,283026.3,167.41,7744.84,1388.52,0.749,0.007,0.022,1.0511,0.8083
15/03/2013,282164.3,168.55,7864.39,1396.67,0.77,0.018,0.022,1.0653,0.8147
22/03/2013,282978.8,165.35,7744.33,1366.61,0.708,-0.037,0.022,1.0628,0.8177
29/03/2013,283798.7,166.6,7813.67,1381.27,0.691,-0.047,0.022,1.0532,0.8218
05/04/2013,281664.9,162.66,7641.11,1341.16,0.627,-0.076,0.022,1.0703,0.8238
12/04/2013,281734.5,165.13,7760.6,1368.08,0.632,-0.067,0.02,1.0783,0.8222
19/04/2013,284326.7,161.05,7618.76,1332.48,0.602,-0.089,0.02,1.0713,0.8203
26/04/2013,284222.2,165.21,7856.32,1376.8,0.554,-0.127,0.02,1.0607,0.8143
03/05/2013,280793.5,166.93,7937.61,1394.6,0.557,-0.111,0.02,1.0688,0.8152
10/05/2013,278526,170.59,8177.85,1429.12,0.596,-0.085,0.02,1.0451,0.8046
17/05/2013,278637,170.91,8280.25,1431.8,0.599,-0.124,0.018,1.0282,0.8008
24/05/2013,280966.6,169.21,8168.78,1414.48,0.635,-0.094,0.016,1.0401,0.8042
31/05/2013,279215.7,168.7,7947.01,1410.81,0.7,-0.072,0.016,1.0468,0.8055
07/06/2013,275403.2,165.53,7784.84,1388.74,0.749,-0.022,0.016,1.0685,0.8082
14/06/2013,274706.5,163.57,7635.96,1372.69,0.748,-0.036,0.018,1.0855,0.8134
21/06/2013,277450.4,161.32,7421.06,1343.28,0.918,0.058,0.018,1.0703,0.8154
28/06/2013,296861.7,163,7683.04,1363.8,0.998,0.055,0.019,1.0582,0.8134
05/07/2013,320960,166.09,7781.98,1393.71,1.03,-0.01,0.019,1.0375,0.8086
12/07/2013,323833.2,170.26,7983.18,1429.48,0.988,-0.007,0.019,1.0566,0.8085
19/07/2013,322435.2,170.93,7928.12,1435.65,0.962,0.044,0.02,1.0629,0.8085
26/07/2013,322372.5,167.98,7796.84,1403.14,1.028,0.044,0.022,1.0772,0.8112
02/08/2013,320694.8,171.57,7963.93,1441.56,1.012,0.077,0.018,1.0761,0.8106
09/08/2013,320401.8,174.07,7977.34,1462.98,0.964,0.054,0.018,1.0841,0.8126
16/08/2013,320767.9,174,7961.31,1461.87,1.03,0.12,0.018,1.0793,0.8098
23/08/2013,321597.5,174.93,8006.9,1472.21,1.126,0.137,0.018,1.0847,0.81
30/08/2013,320865.2,171.06,7745.97,1430.26,1.053,0.072,0.018,1.0754,0.8134
06/09/2013,318116.8,175.39,7950.78,1474.22,1.099,0.089,0.018,1.0664,0.8092
13/09/2013,318105.7,177.19,8038.31,1490.13,1.131,0.09,0.021,1.0757,0.8091
20/09/2013,317844.3,177.32,8105.39,1487.94,1.089,0.073,0.021,1.0984,0.8122
27/09/2013,318453.4,176.79,8055,1481.76,1.016,0.024,0.022,1.1039,0.8164
04/10/2013,319602.3,176.16,7943.71,1472.42,1.021,0.014,0.023,1.1023,0.8131
11/10/2013,320879,177.23,7936.08,1482.91,1.01,-0.022,0.019,1.0968,0.8098
18/10/2013,320460.4,178.93,8084.65,1501.54,1.017,0.005,0.019,1.1091,0.8102
25/10/2013,319247.9,181,8249.31,1522.2,0.965,-0.02,0.019,1.1202,0.8116
01/11/2013,317565.8,182.42,8221.8,1534.69,0.934,-0.021,0.019,1.0962,0.8127
08/11/2013,317758,183.06,8240.92,1537.73,0.957,-0.03,0.021,1.085,0.8118
15/11/2013,318408.7,185.01,8327.31,1556.94,0.952,-0.046,0.021,1.093,0.8099
22/11/2013,319745.8,184.19,8250.43,1550.59,0.934,-0.08,0.019,1.1029,0.8135
29/11/2013,319823.7,185.53,8264.2,1562.25,0.882,-0.086,0.015,1.1036,0.812
06/12/2013,317407.5,181.81,8066.07,1530.16,0.976,-0.044,0.019,1.1213,0.8182
13/12/2013,316322.7,180,7828.91,1512.52,0.96,-0.053,0.022,1.1244,0.8182
20/12/2013,317071.3,186.37,8081.35,1568.46,1.03,-0.051,0.021,1.1157,0.8163
27/12/2013,318519.4,188.8,8221.9,1591.69,1.082,-0.048,0.021,1.1216,0.8159
03/01/2014,317620.3,190.56,8270.46,1604.08,1.238,-0.024,0.022,1.1045,0.813
10/01/2014,320783.1,192.9,8365.12,1618.1,1.231,-0.061,0.023,1.108,0.8107
17/01/2014,321471.2,193.86,8478.89,1621.27,1.14,-0.061,0.023,1.0988,0.8114
24/01/2014,318849.1,189.84,8201.5,1585.25,1.04,-0.119,0.021,1.1178,0.8174
31/01/2014,316730.4,190.68,8191.33,1589.24,0.999,-0.142,0.018,1.1033,0.8182
07/02/2014,317118.9,192.03,8318.6,1604.9,0.997,-0.11,0.016,1.1136,0.8166
14/02/2014,318032.7,194.8,8417.58,1633.33,1.026,-0.106,0.018,1.1201,0.8181
21/02/2014,316629.1,194.63,8431.78,1631.21,0.998,-0.092,0.018,1.1263,0.8198
28/02/2014,314915,197.81,8475.33,1664.18,0.991,-0.09,0.022,1.1361,0.8231
07/03/2014,314224.4,198.37,8378.58,1672.94,1.01,-0.05,0.018,1.1387,0.8208
14/03/2014,314116.4,193.2,8114.02,1627.25,0.95,-0.069,0.02,1.1464,0.8241
21/03/2014,316959.7,196.46,8289.76,1652.11,1.001,-0.059,0.025,1.1328,0.8212
28/03/2014,315907.5,198.12,8373.23,1670.59,0.93,-0.08,0.022,1.1276,0.82
04/04/2014,314489.7,201.66,8503,1702.26,0.899,-0.095,0.018,1.1208,0.8179
11/04/2014,316753.2,196.13,8298.82,1651.31,0.866,-0.005,0.016,1.1415,0.8221
18/04/2014,314255,196.12,8375.08,1652.83,0.863,0.009,0.016,1.132,0.8195
25/04/2014,312949,198.37,8374.47,1670.58,0.797,-0.132,0.016,1.1344,0.8201
02/05/2014,310509.7,200.03,8442.71,1684.42,0.82,0.006,0.018,1.1389,0.8209
09/05/2014,308019.2,199.4,8510.39,1685.35,0.811,0.016,0.018,1.1284,0.8201
16/05/2014,307013.3,196.57,8683.62,1660.54,0.736,-0.013,0.013,1.1202,0.8181
23/05/2014,304123.2,198.85,8703.84,1680.61,0.782,0.002,0.014,1.1161,0.8191
30/05/2014,304040.2,201.4,8674.52,1702.23,0.711,-0.025,0.012,1.1169,0.8194
06/06/2014,302857.5,203.05,8659.69,1720.16,0.694,-0.066,0.012,1.1191,0.8203
13/06/2014,300786.6,202.14,8653.76,1706.68,0.739,-0.055,0.014,1.111,0.8206
20/06/2014,301436,203.08,8701.61,1717.46,0.705,-0.029,0.009,1.1175,0.8215
27/06/2014,301092.2,200.51,8562.11,1693.81,0.646,0,0.008,1.1225,0.8224
04/07/2014,301601,203.69,8678.22,1725.52,0.641,0.008,0.01,1.1184,0.8226
11/07/2014,306258,199.7,8468.52,1687.37,0.591,-0.04,0.012,1.1208,0.8238
18/07/2014,308476.9,201.96,8511.43,1720.13,0.54,-0.054,0.011,1.1131,0.823
25/07/2014,310326.5,203.04,8571.48,1734.21,0.504,-0.052,0.016,1.1052,0.8229
01/08/2014,309997.5,199.8,8410.27,1702.24,0.508,-0.027,0.018,1.1039,0.822
08/08/2014,309522.2,193.93,8274.65,1658.46,0.442,-0.024,0.02,1.1045,0.8235
15/08/2014,313327.9,198.67,8366.73,1702.11,0.439,-0.008,0.022,1.1079,0.8268
22/08/2014,313949,202.7,8554.16,1738.35,0.494,-0.006,0.022,1.0946,0.8263
29/08/2014,314291.3,203.89,8658.97,1747.83,0.426,-0.026,0.018,1.089,0.8291
05/09/2014,313189.3,204.27,8788.77,1754.25,0.47,-0.049,0.009,1.074,0.8292
12/09/2014,311318.6,203.56,8795.93,1746.42,0.524,-0.047,0.005,1.0714,0.8266
19/09/2014,310955.2,203.99,8840.17,1751.49,0.496,-0.055,0.006,1.0628,0.8284
26/09/2014,310085,200.74,8774.36,1726.39,0.467,-0.042,0.006,1.0511,0.8287
03/10/2014,310398.7,198.24,8683.53,1703.14,0.466,-0.029,0.003,1.0337,0.8261
10/10/2014,312996.7,189.11,8374.59,1620.44,0.434,-0.032,0.01,1.0449,0.8274
17/10/2014,314003.8,188.81,8250.1,1611.34,0.451,-0.044,0.007,1.0566,0.828
24/10/2014,312519.4,194.63,8532.09,1661.72,0.472,-0.053,0.011,1.0504,0.8291
31/10/2014,310347.3,199.42,8837.78,1709.57,0.455,-0.065,0.015,1.0388,0.8295
07/11/2014,311382.7,199.72,8816.92,1713.67,0.431,-0.079,0.009,1.035,0.8309
14/11/2014,315658.1,200.94,8915.31,1717.67,0.378,-0.161,0.004,1.0426,0.8325
21/11/2014,320698,204.06,9080.55,1749.61,0.368,-0.178,0.003,1.0313,0.8322
28/11/2014,319103.4,205.23,9150.46,1757.19,0.299,-0.17,0.001,1.0354,0.8316
05/12/2014,314699.5,207.81,9212.85,1785.14,0.297,-0.148,0.003,1.0219,0.8316
12/12/2014,313018.1,200.21,8895.35,1699.17,0.243,-0.162,0.007,1.0376,0.8326
19/12/2014,316131.4,204.65,8976.24,1746.04,0.24,-0.195,-0.047,1.0162,0.8308
26/12/2014,326891.5,206.12,9021.67,1758.2,0.239,-0.228,-0.061,1.0124,0.8313
02/01/2015,327697.8,205.79,8983.37,1751.09,0.342,-0.249,-0.063,0.9984,0.8317
09/01/2015,329059,208.3,9105.7,1769.49,0.201,-0.352,-0.117,0.9859,0.8327
16/01/2015,339614.3,183.39,7899.59,1537.43,-0.08,-0.71,-0.426,1.1647,1.0071
23/01/2015,365486.1,186.2,8161.16,1571.12,-0.293,-1.247,-0.954,1.1345,1.0142
30/01/2015,383324.6,191.31,8385.13,1625.07,-0.075,-0.792,-0.854,1.0866,0.961
06/02/2015,384889.1,196.75,8587.99,1675.04,-0.083,-0.844,-0.885,1.0792,0.9537
13/02/2015,384920.1,201.13,8651.98,1713.47,0.013,-0.881,-0.907,1.0725,0.9416
20/02/2015,382965.3,206.15,8892.17,1758.97,0.042,-0.861,-0.897,1.0658,0.936
27/02/2015,383657,211.28,9014.53,1803.16,0,-0.835,-0.85,1.0484,0.9363
06/03/2015,378793,214.42,9080.03,1827.44,-0.055,-0.648,-0.758,1.0143,0.9355
13/03/2015,378797,216.24,9156.02,1840.12,-0.064,-0.815,-0.807,0.995,0.9475
20/03/2015,376503,218.07,9396.29,1854.37,-0.09,-0.757,-0.79,1.0259,0.948
27/03/2015,379353,213.94,9083.52,1806.66,-0.039,-0.772,-0.807,1.04,0.9548
03/04/2015,377387,215.76,9130.6,1817.52,-0.081,-0.8,-0.814,1.0511,0.9569
10/04/2015,377961,221,9471.46,1868.59,-0.109,-0.825,-0.804,1.0211,0.9632
17/04/2015,383984,216.23,9245.92,1819.45,-0.179,-0.878,-0.816,1.0502,0.9719
24/04/2015,385899,218.18,9302.12,1837.13,-0.129,-0.889,-0.812,1.0483,0.9643
01/05/2015,384147,215.52,9077.12,1811.15,0.013,-0.788,-0.795,1.0723,0.9576
08/05/2015,379364,213.97,9093.33,1794.36,0.054,-0.814,-0.792,1.0742,0.9591
15/05/2015,377233,214.99,9109.92,1800.74,0.048,-0.822,-0.792,1.0917,0.9538
22/05/2015,380102,216.58,9353.3,1817.83,0.008,-0.839,-0.788,1.0621,0.9624
29/05/2015,380536,214.15,9237.79,1795.14,-0.082,-0.912,-0.788,1.0635,0.9676
05/06/2015,380536,212.3,9105.02,1774.64,0.092,-0.825,-0.778,1.0644,0.9576
12/06/2015,383387,210.53,9026.43,1757.86,0.143,-0.906,-0.775,1.077,0.9557
19/06/2015,388242,206.77,8867.32,1721.62,0.123,-0.925,-0.785,1.0896,0.9597
26/06/2015,391461,207.34,9007.5,1733.06,0.149,-0.892,-0.782,1.0719,0.9594
03/07/2015,391134,206.02,8912.84,1725.34,0.088,-0.936,-0.789,1.0633,0.9581
10/07/2015,396073,207.85,9134.18,1747.92,0.086,-0.907,-0.779,1.065,0.9549
17/07/2015,396752,213.89,9446.17,1804.05,0.054,-0.894,-0.753,1.0395,0.96
24/07/2015,397630,212.49,9322.97,1784.42,-0.056,-0.887,-0.739,1.0385,0.9465
31/07/2015,398217,215.87,9428.17,1822.45,-0.062,-0.891,-0.739,1.0349,0.9421
07/08/2015,395840,216.31,9408.27,1832.92,-0.146,-0.892,-0.729,1.0165,0.9269
14/08/2015,395955,215.22,9346.56,1817.26,-0.185,-0.878,-0.725,1.0242,0.9222
21/08/2015,394737,206.13,8798.57,1729.77,-0.21,-0.868,-0.727,1.0565,0.9277
28/08/2015,396035,206.33,8785.1,1731.25,-0.15,-0.795,-0.724,1.0388,0.929
04/09/2015,395064,204.85,8652.35,1723.55,-0.168,-0.774,-0.727,1.0291,0.9227
11/09/2015,398200,207.54,8772.44,1750.35,-0.099,-0.768,-0.731,1.0316,0.9098
18/09/2015,402200,207.11,8739.22,1744.37,-0.056,-0.776,-0.727,1.0325,0.9134
25/09/2015,405082,202.11,8505.94,1699.11,-0.096,-0.826,-0.727,1.0212,0.9122
02/10/2015,399162,201.94,8515.52,1701.19,-0.225,-0.873,-0.731,1.0292,0.9178
09/10/2015,401151,209.02,8680.21,1771.89,-0.195,-0.855,-0.724,1.0396,0.9153
16/10/2015,399077,207.78,8715.73,1763.81,-0.244,-0.86,-0.724,1.0486,0.9238
23/10/2015,401209,213.8,8910.52,1825.67,-0.316,-0.947,-0.731,1.0217,0.9273
30/10/2015,402590,213.92,8938.65,1819.2,-0.294,-0.954,-0.732,1.0123,0.9198
06/11/2015,402590,218,8970.27,1859.59,-0.305,-1.035,-0.756,0.9946,0.9258
13/11/2015,401896,214.94,8749.84,1832.38,-0.324,-1.125,-0.788,0.9939,0.9228
20/11/2015,402695,219.4,9015.83,1877.15,-0.341,-1.158,-0.806,0.9818,0.9222
27/11/2015,401629,220.12,9002.96,1886.23,-0.372,-1.146,-0.82,0.971,0.9167
04/12/2015,397098,220.25,8802.89,1879.43,-0.242,-1.067,-0.82,1.0039,0.9227
11/12/2015,401399,214.01,8502.06,1822.01,-0.234,-0.992,-0.767,1.0175,0.9256
18/12/2015,406130,218.23,8608.91,1859.69,-0.173,-0.955,-0.769,1.0078,0.9274
25/12/2015,405989,220.24,8705.74,1878.04,-0.112,-0.929,-0.77,1.0115,0.9222
01/01/2016,403759,223.29,8818.09,1905.52,-0.091,-0.887,-0.756,0.9985,0.9199
08/01/2016,404004,210.83,8257.28,1783.51,-0.117,-0.852,-0.751,1.0052,0.9197
15/01/2016,403841,205.85,8107.13,1748.01,-0.167,-0.886,-0.753,0.9986,0.9152
22/01/2016,403135,208.88,8271.11,1776.97,-0.202,-0.944,-0.756,0.9839,0.9118
29/01/2016,407335,215.13,8319.81,1838.63,-0.279,-0.955,-0.757,0.9775,0.9023
05/02/2016,406171,209.98,7960.13,1787.17,-0.277,-0.928,-0.751,1.0089,0.9045
12/02/2016,409207,200.45,7656.6,1701.08,-0.272,-0.954,-0.7756,1.023,0.9093
19/02/2016,411600,210.75,7863.36,1799.04,-0.333,-1.01,-0.7822,1.0104,0.9074
26/02/2016,418085,214.67,7877.03,1832.78,-0.412,-1.076,-0.8066,1.0036,0.9176
04/03/2016,415273,219.85,7982.57,1880.05,-0.408,-1.073,-0.8,1.007,0.9151
11/03/2016,411885,221.46,7998.43,1891.87,-0.302,-0.941,-0.7562,1.0175,0.9128
18/03/2016,418418,221.36,7813.68,1876.5,-0.335,-0.995,-0.7312,1.0317,0.9154
25/03/2016,419599,218.73,7775.58,1855.71,-0.352,-0.965,-0.7292,1.023,0.9161
01/04/2016,420266,221.22,7688.34,1881.5,-0.364,-0.952,-0.7332,1.0435,0.9165
08/04/2016,423583,222.85,7817.55,1901.49,-0.386,-0.956,-0.729,1.0488,0.9201
15/04/2016,423800,223.83,8014.6,1903.42,-0.382,-0.97,-0.7246,1.0333,0.9156
22/04/2016,425138,223.78,8109.44,1901.65,-0.283,-0.915,-0.7204,1.0221,0.9104
29/04/2016,423933,221.7,7960.85,1877.2,-0.259,-0.892,-0.7294,1.0424,0.9103
06/05/2016,419500,221.13,7735.6,1880.7,-0.319,-0.919,-0.7328,1.0282,0.9016
13/05/2016,418950,223.04,7925.76,1899.25,-0.327,-0.923,-0.735,1.0253,0.9065
20/05/2016,420234,224.86,7997.3,1914.42,-0.292,-0.905,-0.7334,1.0098,0.8997
27/05/2016,420686,228.53,8292.45,1939.47,-0.322,-0.876,-0.7332,1.0054,0.9046
03/06/2016,418154,227.58,8148.4,1921.64,-0.436,-0.926,-0.7378,1.0246,0.9015
10/06/2016,415596,222.98,7922.71,1877.67,-0.477,-1.003,-0.7538,1.0369,0.9215
17/06/2016,416535,217,7713.61,1826.46,-0.506,-1.075,-0.7722,1.0421,0.924
24/06/2016,423466,217.86,7747.18,1833.08,-0.524,-1.051,-0.7992,1.0272,0.9261
01/07/2016,430337,223.57,8085.21,1887.22,-0.621,-1.164,-0.7822,1.0272,0.9227
08/07/2016,434058,220.53,8037.94,1858.35,-0.648,-1.152,-0.7762,1.0169,0.9204
15/07/2016,434701,225.21,8156.26,1899.15,-0.573,-1.066,-0.765,1.0179,0.9221
22/07/2016,433376,228.13,8194.73,1924.51,-0.539,-1.015,-0.7556,1.0131,0.9229
29/07/2016,435006,229.83,8127.2,1936.55,-0.598,-1.044,-0.7476,1.0315,0.923
05/08/2016,437319,231.26,8194.34,1946.74,-0.561,-0.992,-0.7524,1.0195,0.9195
12/08/2016,434742,236.25,8295.04,1993,-0.578,-1.034,-0.7416,1.026,0.9192
19/08/2016,436095,232.39,8127.28,1949.35,-0.514,-0.98,-0.7386,1.0414,0.9195
26/08/2016,438083,233.13,8168.32,1955.77,-0.551,-0.97,-0.7386,1.0224,0.9129
02/09/2016,438731,234.94,8294.3,1978.44,-0.473,-0.963,-0.736,1.0199,0.9143
09/09/2016,438556,233.74,8264.13,1960.09,-0.456,-0.964,-0.7284,1.025,0.9125
16/09/2016,438709,232.65,8130.44,1954.67,-0.422,-0.964,-0.7438,1.0201,0.9143
23/09/2016,444599,236.13,8272.89,1985.81,-0.492,-0.983,-0.7464,1.0308,0.9181
30/09/2016,452900,235.22,8139.01,1978.35,-0.575,-1.009,-0.75,1.0295,0.9156
07/10/2016,451945,234.74,8124.59,1973.55,-0.511,-0.967,-0.7332,1.023,0.9136
14/10/2016,451376,234.79,8089.91,1978.59,-0.497,-0.976,-0.7282,1.0098,0.9204
21/10/2016,451255,233.95,8034.86,1972.95,-0.521,-0.986,-0.724,1.0064,0.9246
28/10/2016,451946,231.1,7908.57,1947.85,-0.417,-0.935,-0.73,1.0124,0.9215
04/11/2016,451841,226.03,7593.2,1906.72,-0.384,-0.96,-0.7292,1.0325,0.927
11/11/2016,449849,227.79,7880.29,1918.72,-0.206,-0.899,-0.7312,1.0125,0.9323
18/11/2016,458403,231.45,7904.55,1949.55,-0.137,-0.917,-0.7392,0.9902,0.9349
25/11/2016,463012,231.52,7881.53,1951.35,-0.203,-0.982,-0.7464,0.9857,0.9318
02/12/2016,457600,229.44,7784.01,1934.25,-0.163,-0.954,-0.747,0.9897,0.9281
09/12/2016,454800,232.24,8099.63,1957.31,-0.097,-0.932,-0.7372,0.9832,0.931
16/12/2016,457309,232.66,8227.72,1961.23,-0.111,-0.936,-0.7388,0.974,0.932
23/12/2016,463600,234.85,8232.64,1977.65,-0.157,-0.933,-0.7312,0.9741,0.9316
30/12/2016,466272,236.64,8219.87,1991.3,-0.224,-0.956,-0.7292,0.9815,0.9331
06/01/2017,467564,240.12,8417.46,2019.26,-0.127,-0.822,-0.7292,0.9821,0.9325
13/01/2017,464147,241.31,8452.19,2031.01,-0.175,-0.833,-0.7272,0.9913,0.9314
20/01/2017,464281,241.08,8275.13,2032.49,-0.089,-0.796,-0.7294,0.998,0.9328
27/01/2017,466714,243.01,8379.57,2042.13,-0.094,-0.816,-0.7274,1.0007,0.9354
03/02/2017,462994,243.81,8350.84,2045.7,-0.089,-0.829,-0.7262,1.0075,0.9342
10/02/2017,464516,248.17,8456.22,2081.67,-0.139,-0.827,-0.7244,0.9974,0.9376
17/02/2017,467990,249.29,8506.49,2094.85,-0.154,-0.888,-0.7264,0.9973,0.9395
24/02/2017,470161,250.65,8525.62,2111.29,-0.244,-0.943,-0.7292,0.9924,0.9396
03/03/2017,471479,254.03,8670.06,2139.69,-0.149,-0.869,-0.724,0.9924,0.9343
10/03/2017,467429,256.36,8669.97,2163.08,0.024,-0.762,-0.723,0.9891,0.927
17/03/2017,470893,258.04,8698.53,2177.89,-0.045,-0.773,-0.726,1.0015,0.9327
24/03/2017,476304,257.19,8613.64,2166.1,-0.049,-0.754,-0.7312,1.0087,0.9341
31/03/2017,475149,259.02,8658.89,2188.08,-0.12,-0.794,-0.7296,0.9971,0.9359
07/04/2017,476198,260.06,8640.91,2196.96,-0.204,-0.832,-0.7298,0.9911,0.9358
14/04/2017,480630,262.94,8629.02,2223.4,-0.194,-0.849,-0.7322,0.9946,0.9374
21/04/2017,480587,261.89,8553.99,2208.88,-0.227,-0.847,-0.7322,1.0038,0.936
28/04/2017,479458,271.97,8812.67,2307.1,-0.143,-0.798,-0.73,1.0052,0.9225
05/05/2017,480512,276.87,9016.66,2361.91,-0.076,-0.769,-0.732,1.0127,0.9208
12/05/2017,484541,279.61,9123.41,2383.16,-0.089,-0.773,-0.727,0.9987,0.914
19/05/2017,487479,274.84,9022.51,2336.9,-0.128,-0.814,-0.7292,1.0278,0.9171
26/05/2017,489295,278.59,9042.03,2374.35,-0.148,-0.814,-0.7296,1.0263,0.9179
02/06/2017,480329,279,9043.96,2374.72,-0.206,-0.851,-0.7296,1.039,0.921
09/06/2017,476194,277.49,8845.85,2365.96,-0.193,-0.864,-0.7306,1.0316,0.9213
16/06/2017,482027,278.81,8963.29,2372.06,-0.176,-0.842,-0.7306,1.027,0.9172
23/06/2017,491740,278.23,9032.89,2363.53,-0.184,-0.829,-0.7306,1.0318,0.9217
30/06/2017,490071,273.77,8906.89,2316.39,-0.049,-0.731,-0.73,1.0435,0.9132
07/07/2017,486024,274.23,8883.27,2319.81,-0.006,-0.708,-0.7264,1.0374,0.9099
14/07/2017,482673,278.38,9034.57,2365.23,-0.011,-0.694,-0.7286,1.038,0.905
21/07/2017,475443,277.37,8938.68,2366.12,-0.036,-0.712,-0.7286,1.0575,0.9065
28/07/2017,478934,278.04,9019.31,2369.96,0.028,-0.672,-0.7256,1.0322,0.8784
04/08/2017,479860,283.75,9176.99,2425.23,-0.091,-0.724,-0.7256,1.0279,0.8731
11/08/2017,476299,274.24,8884.04,2338.75,-0.19,-0.792,-0.7262,1.0397,0.8794
18/08/2017,470257,277.01,8874.35,2363.1,-0.145,-0.763,-0.7258,1.0365,0.8813
25/08/2017,472003,278.84,8906.18,2391.93,-0.162,-0.774,-0.7264,1.0456,0.8768
01/09/2017,468516,279.22,8941.62,2402.85,-0.157,-0.778,-0.7262,1.0364,0.874
08/09/2017,471462,279.46,8912.05,2410.17,-0.189,-0.81,-0.7262,1.0591,0.88
15/09/2017,472550,282.91,9028.05,2443.05,-0.078,-0.737,-0.726,1.0421,0.8719
22/09/2017,476188,284.77,9136.72,2458.8,-0.078,-0.742,-0.726,1.0314,0.8633
29/09/2017,472974,285.72,9157.46,2460.17,-0.052,-0.74,-0.726,1.0328,0.8741
06/10/2017,472875,288.36,9252.12,2482.12,-0.047,-0.741,-0.726,1.0225,0.8713
13/10/2017,471303,291.98,9311.69,2517.54,-0.076,-0.761,-0.7264,1.026,0.8683
20/10/2017,468663,289.03,9237.13,2494.03,-0.057,-0.753,-0.7264,1.016,0.8622
27/10/2017,469397,294.12,9183.42,2555.45,-0.079,-0.773,-0.7264,1.0022,0.8631
03/11/2017,468761,297.78,9322.05,2590.15,-0.115,-0.784,-0.737,0.9995,0.8609
10/11/2017,472652,292.58,9134.16,2545.82,-0.098,-0.785,-0.7414,1.0041,0.8607
17/11/2017,475147,292.43,9183.61,2547.4,-0.151,-0.806,-0.751,1.0112,0.858
24/11/2017,477945,296.57,9325.6,2576.64,-0.154,-0.784,-0.751,1.0207,0.8554
01/12/2017,475273,293.67,9274.55,2548.5,-0.171,-0.795,-0.753,1.0244,0.8611
08/12/2017,476431,297.68,9319.16,2591.43,-0.191,-0.798,-0.7568,1.0074,0.8556
15/12/2017,479895,297.14,9394.71,2575.56,-0.202,-0.801,-0.7582,1.0097,0.859
22/12/2017,481132,299.81,9394.49,2594.95,-0.143,-0.785,-0.7558,1.0118,0.8525
29/12/2017,473411,300.29,9381.87,2592.29,-0.178,-0.8,-0.7462,1.0261,0.8549
05/01/2018,471361,308.17,9556.98,2663.28,-0.127,-0.694,-0.7356,1.0258,0.8529
12/01/2018,473922,310.42,9546.61,2669.3,-0.016,-0.652,-0.7356,1.0337,0.847
19/01/2018,468854,312.84,9509.77,2690.13,-0.022,-0.695,-0.742,1.0378,0.8492
26/01/2018,465130,310.04,9515.56,2651.56,0.047,-0.651,-0.742,1.0709,0.862
02/02/2018,465385,303.23,9220.69,2601.07,0.144,-0.636,-0.7474,1.0738,0.862
09/02/2018,466418,287.8,8682,2470.28,0.152,-0.642,-0.7434,1.0643,0.8695
16/02/2018,461998,299.97,8986.72,2578.58,0.13,-0.673,-0.7456,1.0782,0.8696
23/02/2018,460158,298.27,8948.19,2555.48,0.085,-0.712,-0.7446,1.0681,0.8686
02/03/2018,458255,287.09,8628.51,2449.95,0.049,-0.748,-0.7446,1.0666,0.8658
09/03/2018,464341,298.77,8931.85,2560.2,0.084,-0.727,-0.742,1.0511,0.8541
16/03/2018,466352,296.82,8882.53,2537.87,0.055,-0.772,-0.74,1.0501,0.8545
23/03/2018,469638,289.05,8569.08,2473.65,0.035,-0.789,-0.7362,1.0557,0.8545
30/03/2018,469168,291.2,8740.97,2501.86,0.001,-0.8,-0.7354,1.0486,0.8507
06/04/2018,465402,289.51,8671.04,2480.39,-0.022,-0.815,-0.735,1.0426,0.849
13/04/2018,466245,293.35,8776.17,2515.03,-0.01,-0.743,-0.7352,1.0394,0.8429
20/04/2018,471997,298.33,8807.8,2558.68,0.096,-0.647,-0.7312,1.0257,0.835
27/04/2018,471190,299.92,8843.02,2586.34,0.064,-0.673,-0.7282,1.0124,0.8345
04/05/2018,473801,301.68,8903.83,2610.09,0.019,-0.672,-0.7226,1,0.8361
11/05/2018,472752,307.24,8993.51,2661,0.045,-0.628,-0.7196,0.9997,0.8372
18/05/2018,470379,304.94,8940.46,2645.56,0.073,-0.63,-0.7236,1.0021,0.8515
25/05/2018,466330,302.55,8759.08,2625.63,-0.028,-0.711,-0.7336,1.0105,0.8673
01/06/2018,467337,300.07,8618.54,2595.26,-0.086,-0.746,-0.7348,1.0121,0.868
08/06/2018,463802,303.06,8512.06,2628.82,0,-0.681,-0.7338,1.0148,0.8624
15/06/2018,465819,306.11,8642.6,2670,-0.059,-0.73,-0.7312,1.0024,0.8634
22/06/2018,466795,299.98,8616.56,2619,-0.065,-0.706,-0.731,1.0122,0.8683
29/06/2018,469308,297.82,8609.3,2598.1,-0.105,-0.69,-0.7316,1.0096,0.864
06/07/2018,468634,296.31,8697.42,2598.86,-0.138,-0.695,-0.7302,1.0103,0.8606
13/07/2018,473049,301.99,8861.05,2657.79,-0.101,-0.677,-0.7172,0.9983,0.8543
20/07/2018,474202,301.89,8991.34,2665.18,-0.069,-0.668,-0.7238,1.0076,0.8594
27/07/2018,476486,305.4,9173.2,2700.1,-0.061,-0.641,-0.7216,1.0057,0.8626
03/08/2018,476154,303.5,9158,2685.33,-0.054,-0.641,-0.7256,1.0059,0.8694
10/08/2018,473360,302.54,9031.33,2663.48,-0.135,-0.691,-0.7232,1.0047,0.8804
17/08/2018,472595,298.33,9003.91,2632.45,-0.156,-0.723,-0.7256,1.0045,0.878
24/08/2018,477033,303.97,9052.9,2685.83,-0.136,-0.695,-0.7256,1.0169,0.8749
31/08/2018,477838,305.09,8973.56,2691.53,-0.124,-0.702,-0.7284,1.0321,0.8895
07/09/2018,475702,296.32,8843.11,2602.59,-0.091,-0.684,-0.7284,1.0317,0.8931
14/09/2018,474712,301.02,8970,2659.47,-0.042,-0.673,-0.7306,1.0337,0.8892
21/09/2018,470768,298.67,8995.38,2631.06,-0.014,-0.674,-0.7308,1.0431,0.8877
28/09/2018,474784,297.75,9087.99,2625.81,0.014,-0.66,-0.7358,1.0186,0.8777
05/10/2018,469434,289.05,9042.08,2538.01,0.057,-0.645,-0.7414,1.0081,0.8749
12/10/2018,468242,273.02,8660.38,2388.41,0.055,-0.653,-0.7424,1.0076,0.8722
19/10/2018,471581,274.87,8872.09,2406.08,-0.009,-0.69,-0.7464,1.0039,0.8719
26/10/2018,470058,264.06,8665.8,2297.43,-0.066,-0.729,-0.7412,1.0029,0.8795
02/11/2018,469903,278.75,8992.3,2437.13,-0.011,-0.691,-0.746,0.9967,0.8751
09/11/2018,475638,275.07,9074.03,2397.66,-0.015,-0.702,-0.7478,0.9944,0.8773
16/11/2018,474475,263.06,8907.39,2283.84,-0.047,-0.716,-0.7438,1.0002,0.8759
23/11/2018,472714,259.57,8845.9,2249.67,-0.103,-0.751,-0.745,1.0027,0.8843
30/11/2018,471974,260.58,9037.76,2255.52,-0.126,-0.77,-0.7382,1.0015,0.8852
07/12/2018,472503,253.1,8741.03,2196.36,-0.18,-0.781,-0.739,1.009,0.8861
14/12/2018,471644,251.26,8713.68,2184.37,-0.196,-0.78,-0.7322,1.0018,0.8862
21/12/2018,474489,240.19,8417.29,2078.64,-0.259,-0.829,-0.7344,1.0049,0.8839
28/12/2018,479005,243.17,8429.3,2102.35,-0.278,-0.821,-0.718,1.0161,0.8875
04/01/2019,479005,246.88,8608.56,2126.03,-0.221,-0.736,-0.7116,1.013,0.8891
11/01/2019,479005,255.5,8828.22,2201.99,-0.19,-0.723,-0.7024,1.0167,0.8861
18/01/2019,479005,263.19,9023.96,2288.6,-0.166,-0.707,-0.702,1.0045,0.884
25/01/2019,479005,264.45,8922.49,2302.75,-0.213,-0.711,-0.6988,1.0068,0.8823
01/02/2019,479005,264.41,8996.36,2299.49,-0.269,-0.721,-0.7062,1.0046,0.8768
08/02/2019,479005,261.72,9003.41,2286.68,-0.332,-0.741,-0.7062,0.9993,0.8828
15/02/2019,479005,268.74,9242.12,2361.66,-0.309,-0.725,-0.7062,0.9945,0.8806
22/02/2019,479005,271.52,9348.93,2384.06,-0.32,-0.73,-0.7062,0.9997,0.8815
