Date;SNBSD;SPIEX;SMI;SMI Mid;CHF USD;CHF EUR
2004-05-07;100;100;100;100;1.29985;1.54805
2004-05-14;82.03417853;98.54230377;97.55136219;98.21681625;1.2985;1.53945
2004-05-21;53.8974644;98.77675841;96.86687613;99.82286254;1.2779;1.5358
2004-05-28;98.48206268;100.1223242;96.55646367;101.6060463;1.2544;1.5318
2004-06-04;82.28930602;101.1009174;97.6085028;102.4799244;1.24575;1.52485
2004-06-11;105.7695871;102.2629969;97.63612933;103.7789325;1.26;1.51335
2004-06-18;74.5200325;102.0998981;97.70425191;103.6608408;1.2427;1.50685
2004-06-25;87.74960448;102.1610601;97.49010335;103.4718942;1.2505;1.5178
2004-07-02;93.77146848;102.1304791;96.20898703;102.4681153;1.23255;1.5161
2004-07-09;88.25843417;100.6727829;95.20259175;100.4487482;1.2263;1.51925
2004-07-16;73.7803053;99.28644241;93.71024395;98.64194615;1.2252;1.5248
2004-07-23;95.99920184;96.72782875;94.06801619;93.80018895;1.2636;1.5312
2004-07-30;95.4148316;96.74821611;95.18663356;93.76476145;1.27935;1.54025
2004-08-06;77.97494334;94.872579;92.7134579;91.24940954;1.25345;1.5364
2004-08-13;64.83088896;93.75127421;91.1119767;90.72980633;1.2403;1.5321
2004-08-20;79.80359459;94.93374108;91.7020864;92.77279169;1.24935;1.53985
2004-08-27;84.64103989;96.87054027;93.75691736;95.5833727;1.28035;1.5411
2004-09-03;71.86186058;96.81957187;94.4187531;95.09919698;1.27165;1.5328
2004-09-10;72.62581776;97.4617737;95.00697527;95.98488427;1.25385;1.54185
2004-09-17;73.25864797;98.74617737;95.11610867;97.94520548;1.2715;1.5467
2004-09-24;59.56300509;97.94087666;94.22742646;96.70524327;1.26235;1.5486
2004-10-01;72.73271476;99.17431193;94.87313242;98.01606046;1.25015;1.54945
2004-10-08;92.64548681;99.70438328;94.44054546;98.18138876;1.24885;1.55055
2004-10-15;65.58771967;98.55249745;92.01541595;95.94945678;1.2332;1.5392
2004-10-22;61.97745186;99.01121305;92.50788901;96.51629665;1.2174;1.5378
2004-10-29;104.1419022;98.50152905;92.03257529;96.11478507;1.20145;1.52835
2004-11-05;80.31670016;100.5606524;96.40563307;99.05526689;1.1843;1.5291
2004-11-12;74.42026197;100.9174312;97.62343142;98.22862541;1.17735;1.5226
2004-11-19;73.70619005;101.243629;96.17724225;98.37033538;1.1592;1.5137
2004-11-26;77.32643491;101.6921509;95.20928389;99.07888521;1.14215;1.51445
2004-12-03;61.85915252;101.7227319;95.32373669;99.07888521;1.1414;1.5261
2004-12-10;70.1885663;101.9877676;95.77914557;98.7246103;1.16095;1.53505
2004-12-17;88.21995125;102.833843;96.15047368;98.96079358;1.1601;1.5376
2004-12-24;77.69701116;104.4036697;97.72552949;101.3226264;1.14175;1.54565
2004-12-31;93.2384088;105.0356779;97.69103922;101.6769013;1.1371;1.54565
2005-01-07;77.02569804;106.0244648;98.41310424;102.0311762;1.18725;1.54905
2005-01-14;80.39936717;106.9928644;98.32490524;102.8578177;1.18265;1.54865
2005-01-21;62.16701586;108.1753313;98.46149358;104.1568257;1.1911;1.5483
2005-01-28;59.1382677;108.695209;98.67821605;105.1015588;1.19;1.5481
2005-02-04;74.33189379;111.7329256;100.2633959;108.8804913;1.2043;1.55865
2005-02-11;72.37211556;114.0672783;101.502815;111.596599;1.2078;1.5552
2005-02-18;62.85258192;115.2191641;101.2699627;113.0136986;1.18295;1.54555
2005-02-25;84.02388791;114.5463812;101.8604156;112.0689655;1.1695;1.54265
2005-03-04;67.56460142;115.922528;103.1163077;113.8285309;1.1676;1.5464
2005-03-11;59.84378786;116.2283384;102.4742052;113.7812943;1.15095;1.54915
2005-03-18;65.19576403;116.1569827;101.1893138;113.2262636;1.1672;1.55095
2005-03-25;60.19868588;114.6890928;101.8482325;110.9352858;1.19895;1.55465
2005-04-01;75.20844914;115.3618756;102.1131727;111.9508739;1.19815;1.55285
2005-04-08;78.13742678;116.8807339;103.2403697;114.0883325;1.2056;1.5489
2005-04-15;62.4335457;115.5045872;103.2815522;111.6792631;1.20045;1.55225
2005-04-22;70.99243169;114.3221203;101.460603;110.3920642;1.1805;1.5442
2005-04-29;78.46096834;111.814475;100.7388812;106.9319792;1.19045;1.53685
2005-05-06;68.89440002;112.6809378;103.4212292;107.8412848;1.2048;1.54765
2005-05-13;66.38873448;112.6299694;101.9784719;107.2626358;1.2215;1.5448
2005-05-20;65.7516284;112.3547401;103.3525918;107.5460557;1.23495;1.54925
2005-05-27;65.25990222;113.7818552;105.7144034;109.3410487;1.2341;1.5481
2005-06-03;70.61187839;115.09684;106.5641339;110.6518658;1.25035;1.53465
2005-06-10;66.40156212;116.3506626;107.0636423;112.8837978;1.26725;1.5362
2005-06-17;63.31010105;117.5739042;107.4770108;113.5214927;1.2629;1.5446
2005-06-24;70.9069141;117.5942915;106.7858326;113.1435994;1.2748;1.54095
2005-07-01;62.1584641;118.6340469;107.7568796;114.5252716;1.2959;1.55085
2005-07-08;71.50268668;120.7237513;108.312499;116.8989136;1.30215;1.55395
2005-07-15;61.09234475;123.3944954;110.8477915;120.5125177;1.29515;1.5597
2005-07-22;68.93858411;124.587156;111.4073576;121.1265942;1.2908;1.56375
2005-07-29;60.76880318;126.0958206;113.2667437;123.0160605;1.28515;1.561
2005-08-05;61.17358647;126.8705403;113.3835988;123.3230987;1.2657;1.56155
2005-08-12;60.87570018;127.3190622;114.0673985;123.658479;1.24785;1.55135
2005-08-19;66.04951469;128.2976555;113.8791605;125.198394;1.27605;1.54955
2005-08-26;67.6315902;127.1355759;110.5981231;122.9723666;1.25305;1.54525
2005-09-02;61.39735751;128.8685015;112.0860095;124.646906;1.22825;1.54115
2005-09-09;62.89676601;131.1518858;115.0296942;127.8637222;1.2422;1.5439
2005-09-16;54.43765055;133.0071356;116.860081;130.1027397;1.27065;1.55225
2005-09-23;82.44893887;132.5382263;116.4352158;129.0328295;1.2894;1.5562
2005-09-30;64.9263836;135.4230377;118.3802269;132.0264525;1.28925;1.55435
2005-10-07;82.85657274;133.088685;119.2050764;128.418753;1.2797;1.5504
2005-10-14;71.75923946;131.1314985;117.9047416;125.6435994;1.28475;1.5508
2005-10-21;60.01909893;128.0733945;117.569105;122.1563533;1.28585;1.545
2005-10-28;68.31002979;127.7879715;117.968746;122.2059518;1.27655;1.54465
2005-11-04;68.8559171;131.5902141;123.6327009;127.2472839;1.30665;1.5436
2005-11-11;57.59324981;132.0795107;126.1437987;128.1447803;1.31405;1.5382
2005-11-18;67.96653411;131.8756371;127.5175755;128.0751063;1.32145;1.54695
2005-11-25;77.27084848;133.2925586;128.6727422;129.5973075;1.3188;1.54725
2005-12-02;107.3986973;133.6493374;130.226692;130.4180444;1.32045;1.54395
2005-12-09;65.99962942;133.4454638;129.8514173;130.5821918;1.30135;1.53995
2005-12-16;81.22461196;133.2619776;128.5411301;129.6162022;1.2899;1.5486
2005-12-23;83.82434686;134.5565749;128.6579852;131.596599;1.3125;1.55775
2005-12-30;83.41813828;136.8501529;130.1352328;133.7742088;1.31795;1.5546
2006-01-06;78.74032582;140.7849134;132.4438503;138.7694851;1.2697;1.54225
2006-01-13;55.19448126;142.3547401;133.8857497;140.0165328;1.2831;1.5494
2006-01-20;59.81670729;141.4169215;132.0845338;137.853094;1.28355;1.5523
2006-01-27;60.004846;143.567788;133.4897121;140.2975909;1.278;1.55105
2006-02-03;64.53157737;145.5861366;134.5427808;141.8115257;1.2958;1.555
2006-02-10;56.49862459;146.6768603;134.8993519;142.7608644;1.30565;1.55525
2006-02-17;65.90983595;147.3802243;135.8525532;143.0761691;1.3118;1.56385
2006-02-24;85.90099913;150.254842;136.4910523;146.1725319;1.3172;1.56335
2006-03-03;72.5331737;152.3445464;135.83282;147.7103212;1.30145;1.56325
2006-03-10;67.14413991;151.3455657;136.7709211;146.5022437;1.3204;1.56875
2006-03-17;64.54155442;154.7706422;138.0832674;150.1949693;1.2925;1.57315
2006-03-24;79.52566241;157.0948012;138.0480908;153.1257676;1.31195;1.5761
2006-03-31;83.39960947;158.3282365;137.6745319;155.0191308;1.30685;1.58145
2006-04-07;72.17685039;161.3149847;139.0797103;157.6365139;1.3018;1.57695
2006-04-14;62.36655692;159.5107034;137.4006689;155.7621634;1.30015;1.57165
2006-04-21;52.80426448;162.9153925;138.8786028;159.7988899;1.27585;1.57425
2006-04-28;69.94341586;163.7716616;138.0860129;160.9070619;1.24375;1.56665
2006-05-05;88.94685081;166.3812436;138.2709906;163.7104393;1.22465;1.56005
2006-05-12;74.41598609;165.2191641;136.4871056;162.412376;1.20285;1.54955
2006-05-19;56.85494791;153.9347604;130.6555039;148.3532121;1.22325;1.55415
2006-05-26;105.2621827;153.7716616;131.7746361;150.0159424;1.22825;1.56235
2006-06-02;76.73208763;155.6778797;131.5277132;152.9416627;1.20655;1.56015
2006-06-09;70.44654438;149.3476045;127.5723137;145.3288852;1.23025;1.55575
2006-06-16;62.61028207;149.1437309;125.169663;146.4728389;1.23215;1.55735
2006-06-23;95.21671584;149.5412844;128.4513867;146.0288144;1.24765;1.56165
2006-06-30;88.50786049;152.8134557;131.304985;150.7007558;1.225;1.56635
2006-07-07;58.09067716;153.6595311;131.3583505;149.8614785;1.22185;1.56675
2006-07-14;58.15909123;151.019368;128.8113897;146.5732168;1.23675;1.56255
2006-07-21;61.98885421;151.1926606;130.7222538;147.1269485;1.2371;1.5695
2006-07-28;61.34319636;154.7196738;136.3566946;151.7231932;1.23175;1.57235
2006-08-04;68.79035362;156.0244648;135.404866;152.6954417;1.2215;1.5751
2006-08-11;71.00383404;155.2293578;134.8478739;151.1810345;1.23685;1.57895
2006-08-18;70.75725831;157.675841;138.7191926;154.4196977;1.2328;1.5805
2006-08-25;68.86874474;158.5015291;139.0335517;154.8846245;1.24035;1.58105
2006-09-01;67.58455552;162.54842;140.5195505;159.4365848;1.23375;1.57965
2006-09-08;71.6665954;161.9062181;140.1410155;158.5047237;1.24895;1.58225
2006-09-15;69.44028734;163.8634047;141.2088412;160.5415683;1.25845;1.59205
2006-09-22;65.12877525;165.0152905;142.3278017;162.2841285;1.23455;1.58055
2006-09-29;81.9358333;167.7675841;144.5830538;164.6770194;1.25395;1.58845
2006-10-06;79.21494848;168.5015291;146.2188537;165.0981342;1.26135;1.5876
2006-10-13;71.78489474;171.2945973;148.4478519;168.5790033;1.27545;1.59365
2006-10-20;55.36836704;173.1702345;148.3085181;172.1926075;1.25995;1.58795
2006-10-27;64.81521073;175.4740061;149.2069811;174.9165092;1.25005;1.59055
2006-11-03;60.79730905;176.9215087;149.2603467;176.7257912;1.25505;1.59435
2006-11-10;75.3638061;179.459735;149.9009048;180.1061644;1.23875;1.59295
2006-11-17;90.33793703;181.4373089;150.0724982;183.0021256;1.24405;1.59585
2006-11-24;76.81475464;180.5708461;148.2827791;182.4844119;1.20995;1.58415
2006-12-01;85.6544234;180.3975535;144.4873047;181.9479216;1.19205;1.58965
2006-12-08;69.05830875;184.7706422;146.5556915;186.9988191;1.1935;1.58945
2006-12-15;46.59141118;187.9816514;150.7772323;190.9352858;1.2211;1.59835
2006-12-22;70.97675347;190.7747197;149.7438969;194.9518186;1.21825;1.60265
2006-12-29;95.72269494;192.7522936;150.7574991;196.7333491;1.2207;1.60965
2007-01-05;102.7194595;194.4036697;152.7210423;197.7905054;1.23835;1.60905
2007-01-12;52.26835421;199.4495413;154.9970572;202.8874587;1.247;1.6127
2007-01-19;52.14720429;203.4148828;157.095816;208.2716108;1.25;1.618
2007-01-26;82.45464004;204.4036697;155.1393081;208.0544402;1.2536;1.6177
2007-02-02;75.62178418;211.0805301;158.9038957;216.2417336;1.24625;1.61695
2007-02-09;73.92996109;213.2415902;159.445616;218.4448512;1.24965;1.62425
2007-02-16;74.2449509;214.4750255;160.2054316;218.6038026;1.23585;1.62175
2007-02-23;85.98651673;211.6004077;158.8620269;213.5461738;1.2325;1.62275
2007-03-02;79.38883425;201.1926606;150.9800557;201.3802551;1.21985;1.60675
2007-03-09;75.32817377;206.3608563;153.2993121;206.9802787;1.2329;1.61675
2007-03-16;72.35928792;202.9663609;149.5887764;201.9423713;1.208;1.60745
2007-03-23;95.36067046;211.2640163;155.9758259;211.0271611;1.21715;1.619
2007-03-30;82.8850786;211.5800204;154.0392228;209.8643127;1.2208;1.6251
2007-04-06;68.35991505;216.8195719;156.1342066;214.365966;1.21315;1.63005
2007-04-13;62.20834937;218.6340469;157.4794989;215.2475201;1.21565;1.64275
2007-04-20;67.38786505;221.304791;161.2935054;219.2060699;1.2085;1.64275
2007-04-27;63.16757173;221.8960245;161.6392661;220.0975437;1.2044;1.64475
2007-05-04;80.27821724;223.088685;162.2496238;221.5057865;1.2109;1.64535
2007-05-11;76.24463733;222.4260958;161.4393598;221.7672414;1.21795;1.64695
2007-05-18;81.10346204;225.3618756;161.7214593;224.5491261;1.22705;1.65585
2007-05-25;81.27449723;225.3414883;160.9776019;224.1678082;1.22715;1.6513
2007-06-01;81.20608315;227.9001019;163.553562;228.0470005;1.23095;1.65175
2007-06-08;64.4204045;221.7023445;157.0198002;219.7607463;1.2338;1.6483
2007-06-15;38.54563076;227.2579001;161.2246964;226.7050071;1.2427;1.66075
2007-06-22;57.15711008;226.9622834;157.2909177;227.0543222;1.23345;1.65635
2007-06-29;112.6922364;226.17737;158.0265386;225.7472839;1.2256;1.6552
2007-07-06;72.96076168;229.969419;158.9634386;231.1215163;1.21785;1.6601
2007-07-13;70.62043015;231.1416922;158.9253449;232.472957;1.2034;1.65765
2007-07-20;72.17685039;229.9898063;156.2436832;231.3526216;1.2003;1.66055
2007-07-27;75.01033338;219.0417941;149.3818348;217.3166037;1.20835;1.65005
2007-08-03;67.66152136;220.4587156;148.7960149;220.9646906;1.1949;1.64485
2007-08-10;114.3484272;212.0183486;146.9786692;210.8986774;1.1956;1.63545
2007-08-17;58.78479497;201.3251784;146.5927557;198.7224846;1.20295;1.62585
2007-08-24;85.62021636;211.529052;150.5886512;209.8756495;1.2004;1.6372
2007-08-31;89.97733784;213.7614679;152.3999911;211.4931507;1.2083;1.64725
2007-09-07;74.78228646;209.6330275;148.8766638;205.6216344;1.18935;1.63695
2007-09-14;73.53658015;206.5443425;150.5316821;201.426547;1.1898;1.65005
2007-09-21;71.6238366;207.7370031;152.6724814;200.9158007;1.1721;1.6519
2007-09-28;90.07853366;211.2640163;153.2926199;205.2975909;1.1682;1.66135
2007-10-05;79.91334217;216.7482161;155.7270155;211.5466462;1.1771;1.6647
2007-10-12;59.28222232;220.733945;157.8226857;215.0610534;1.1843;1.67835
2007-10-19;68.84166417;218.5117227;153.3564527;212.0037789;1.17225;1.6705
2007-10-26;58.36575875;218.1039755;153.7977909;211.1049835;1.1631;1.67335
2007-11-02;74.53571072;217.0336391;150.4941032;209.9467407;1.1543;1.6716
2007-11-09;76.52969598;211.6411825;144.432738;204.6479688;1.1212;1.64575
2007-11-16;87.88928322;207.1355759;145.4906113;200.4534719;1.1184;1.63645
2007-11-23;77.23521615;195.5759429;143.6550767;186.8654936;1.1027;1.63205
2007-11-30;78.04193213;204.7604485;151.4888301;196.639112;1.12905;1.6573
2007-12-07;70.47219966;207.5229358;150.9961855;200.2475201;1.12965;1.6554
2007-12-14;73.76177649;206.5137615;148.8720308;199.2509447;1.153;1.66445
2007-12-21;75.46500192;203.2212029;145.3116394;194.7550779;1.15635;1.66185
2007-12-28;69.04120523;205.8205912;145.5877331;197.4028106;1.129;1.66015
2008-01-04;83.04756204;199.2966361;139.5050903;189.7240198;1.10695;1.63545
2008-01-11;51.37897122;189.490316;140.0147227;179.511573;1.1018;1.62975
2008-01-18;36.93789997;178.7155963;131.9892994;168.5847898;1.1017;1.61115
2008-01-25;85.02871966;180.5300714;131.9017868;171.9313888;1.09615;1.6111
2008-02-01;72.12268924;184.8827727;134.1170576;175.2479924;1.08225;1.60415
2008-02-08;63.98854064;180.9582059;127.7847464;169.7980633;1.10525;1.6022
2008-02-15;86.05208022;186.0040775;126.1726264;174.9744922;1.0911;1.60265
2008-02-22;87.48164935;186.5953109;127.9185892;176.346599;1.08615;1.60905
2008-02-29;85.34085888;185.6574924;129.2760646;176.2378366;1.0438;1.5846
2008-03-07;66.93747238;180.2650357;123.1036784;170.8754133;1.0251;1.5741
2008-03-14;56.99177606;177.3904179;122.3809271;167.4977563;1.00695;1.57145
2008-03-20;91.8658514;170.6218145;120.2845705;160.6093529;1.0108;1.5583
2008-03-28;91.7589544;178.4505607;124.2224674;168.3854511;0.99825;1.57305
2008-04-04;53.95590143;183.1702345;129.9560892;173.0555031;1.0031;1.5791
2008-04-11;78.64483117;176.9317023;124.5589621;164.9119036;1.00135;1.5841
2008-04-18;74.28913499;181.5392457;127.2883267;170.8997402;1.0253;1.61295
2008-04-25;57.01458075;183.82263;128.8577199;173.4740198;1.0322;1.6164
2008-05-02;66.85195479;187.8389399;131.5400679;177.9828767;1.05825;1.6302
2008-05-09;67.3151751;187.5127421;128.4199851;177.8651393;1.04405;1.61125
2008-05-16;57.11577657;190.8460754;131.3326115;181.3060935;1.04785;1.6296
2008-05-23;78.60919884;187.3700306;128.0076462;177.3474256;1.0247;1.6158
2008-05-30;69.9562435;190.1427115;128.8887783;180.7867265;1.04475;1.62365
2008-06-06;72.64719716;189.1539246;126.7460915;179.0572744;1.023;1.6096
2008-06-13;103.1769787;184.4342508;124.6003161;173.597898;1.0506;1.612
2008-06-20;72.35643734;179.7859327;121.306924;168.1845772;1.034;1.6164
2008-06-27;69.02410171;174.1284404;117.7394972;161.7318139;1.01995;1.60645
2008-07-04;63.06067473;166.6972477;116.2157478;153.6969769;1.0238;1.60655
2008-07-11;82.00139679;162.0795107;113.9189702;147.9829948;1.017;1.618
2008-07-18;62.68297202;165.9633028;117.152133;154.2436231;1.0212;1.61885
2008-07-25;72.77119767;167.7879715;120.3732843;156.8657298;1.03965;1.6292
2008-07-31;77.12404327;167.7268094;122.5384498;155.761573;1.048;1.63515
2008-08-08;72.37496615;170.8868502;124.6128424;160.4450874;1.0815;1.62565
2008-08-15;83.84145038;171.9367992;124.1639541;162.0697922;1.0965;1.61075
2008-08-22;78.06758741;169.2456677;121.7304165;158.1679263;1.09625;1.62415
2008-08-29;74.41883668;172.8236493;124.2120002;163.4016297;1.09835;1.61705
2008-09-05;73.55938484;169.3476045;119.7136793;160.1824516;1.1089;1.58185
2008-09-12;72.43482847;170.6116208;123.8132172;162.5060227;1.13235;1.60505
2008-09-19;75.35240376;169.7553517;120.54728;164.0042513;1.1076;1.59575
2008-09-26;72.07850515;162.3445464;116.9498244;154.9708314;1.08795;1.5891
2008-10-03;133.1223899;152.5280326;118.0531699;144.8102267;1.1326;1.56385
2008-10-10;108.6429783;128.7971458;91.75476558;121.5741615;1.12275;1.5164
2008-10-17;106.9283505;130.8562691;104.6654529;122.9609117;1.1337;1.52495
2008-10-24;104.8374453;121.9571865;97.38079836;114.4341049;1.15215;1.46735
2008-10-31;143.4073061;126.3200815;105.585022;119.1158479;1.16805;1.48115
2008-11-07;88.83710323;127.0948012;103.0960597;120.7392537;1.17565;1.50315
2008-11-14;94.86894429;122.2324159;100.1204586;116.3163675;1.19215;1.51145
2008-11-21;222.1989424;112.8950051;88.26798771;107.0379074;1.22465;1.53195
2008-11-28;355.7218398;121.4882773;99.80901655;116.8571091;1.21465;1.5413
2008-12-05;222.0792178;115.1478084;94.90556357;108.5508975;1.22195;1.5491
2008-12-12;478.1516797;117.9408767;96.71295685;113.3373878;1.1777;1.5747
2008-12-19;631.8196719;117.8593272;93.68759363;114.3605338;1.10855;1.5445
2008-12-26;509.4311655;117.2986748;92.65322862;112.9599669;1.0703;1.5042
2009-01-02;530.0124001;119.0927625;94.96888154;114.5582192;1.071;1.49235
2009-01-09;556.1351748;122.4566769;97.76087773;118.2497638;1.10845;1.4974
2009-01-16;571.3573068;117.2579001;93.27027848;112.7312234;1.1193;1.4832
2009-01-23;527.6863215;112.7930683;91.06307259;107.9120217;1.16925;1.49555
2009-01-30;645.0592209;115.637105;90.77376611;111.2764525;1.1607;1.48745
2009-02-06;626.8297202;116.8399592;87.90884272;114.3546292;1.1695;1.5031
2009-02-13;743.6752612;116.3506626;87.97319025;113.5138167;1.1587;1.4958
2009-02-20;648.3659013;109.1335372;83.24373298;105.2699575;1.178;1.4861
2009-02-27;640.7548353;105.9836901;80.48880096;101.6763108;1.165;1.4796
2009-03-06;637.9327547;99.7961264;73.98438157;96.09482759;1.1527;1.4594
2009-03-13;634.2840039;104.6381244;81.10773835;102.0713274;1.18825;1.53175
2009-03-20;749.1768931;107.9816514;82.14484885;105.5245631;1.12415;1.525
2009-03-27;914.4111401;108.9602446;83.60596665;105.4326878;1.14375;1.52185
2009-04-03;985.1341914;113.3333333;86.5343796;109.8481342;1.1344;1.5229
2009-04-09;948.2761078;114.8623853;87.00814897;111.0355456;1.15235;1.52195
2009-04-17;1039.252576;118.4607543;89.10210322;114.7812943;1.1652;1.5199
2009-04-24;994.726415;120.8460754;87.73656295;117.1576523;1.14005;1.51075
2009-05-01;1150.111886;123.0173293;89.67333765;119.6931979;1.13705;1.50695
2009-05-08;942.5749348;128.3690112;92.50617307;124.1516297;1.121;1.5116
2009-05-15;799.8888271;126.3404689;91.8139653;121.1819792;1.10475;1.50185
2009-05-22;817.6194752;129.011213;92.81933103;123.5421587;1.08715;1.5209
2009-05-29;872.1511951;128.0733945;91.79800711;122.6888285;1.06645;1.5095
2009-06-05;896.1103747;131.1009174;92.64156026;126.7665328;1.08345;1.5177
2009-06-12;835.7634583;132.3547401;94.75112951;127.6747756;1.07995;1.5115
2009-06-19;836.5188638;128.5321101;93.03090569;123.1084081;1.08445;1.5103
2009-06-26;903.0087941;128.2262997;92.24843979;123.1465517;1.0854;1.5271
2009-07-03;1005.615655;127.706422;91.60530773;122.507794;1.08575;1.5203
2009-07-10;957.8255726;125.1783894;89.8773622;119.840222;1.0853;1.51305
2009-07-17;960.9327119;128.8583078;95.99174979;124.0798299;1.0782;1.5214
2009-07-24;894.4142757;131.4271152;98.85324131;126.1904818;1.07225;1.5226
2009-07-31;888.1287325;135.9938838;102.1099124;131.4338687;1.07625;1.5258
2009-08-07;900.7995895;138.3180428;103.4092177;133.9227681;1.08;1.5345
2009-08-14;888.9696555;139.7043833;102.7037972;134.9696504;1.07135;1.5251
2009-08-21;885.5346988;141.9266055;105.3549152;137.4026925;1.06185;1.51855
2009-08-28;825.5013469;144.1997961;106.5866126;139.5549126;1.05545;1.517
2009-09-04;814.498083;142.1916412;104.9992021;137.4409542;1.0659;1.51715
2009-09-11;772.1668733;147.9918451;106.9539941;143.8535664;1.0357;1.51345
2009-09-18;702.4272744;150.6523955;108.5353989;145.7759802;1.02855;1.51425
2009-09-25;635.6095267;148.3486239;107.0212587;143.0395607;1.02785;1.51
2009-10-02;674.1494563;145.4638124;105.5328576;139.2032357;1.0345;1.51085
2009-10-09;722.5524152;150.1529052;107.9603894;145.2570855;1.02865;1.518
2009-10-16;703.2824504;150.7135576;108.8804732;145.6228153;1.01985;1.51715
2009-10-23;645.6293382;148.7767584;109.4432995;143.1112423;1.008;1.5138
2009-10-30;635.9088382;144.3730887;107.8594925;138.6359235;1.02425;1.5112
2009-11-06;600.3050128;146.6462793;107.9941933;141.9743741;1.0155;1.51015
2009-11-13;605.8066447;149.3781855;108.9803405;145.662376;1.01415;1.5098
2009-11-20;635.0536623;147.3292559;107.7170699;142.4904346;1.01955;1.51365
2009-11-27;664.3291857;145.9938838;108.7329029;141.7860179;1.00555;1.5061
2009-12-04;619.6462422;148.6136595;111.5556143;145.1944969;1.01295;1.5082
2009-12-11;591.7390003;147.166157;110.0184806;143.5934105;1.0342;1.51225
2009-12-18;589.2874959;147.8695209;110.9234642;144.0246812;1.04705;1.49485
2009-12-25;577.6285971;149.745158;112.908285;146.4550071;1.0384;1.4908
2010-01-01;588.0902496;150.3465851;112.3234947;146.690718;1.03375;1.48315
2010-01-08;602.2006528;155.8817533;113.5584524;152.2759802;1.0319;1.47825
2010-01-15;570.8014424;156.7380224;112.8401625;152.9409542;1.02625;1.47455
2010-01-22;536.7226807;154.7298675;111.432067;150.6493859;1.04025;1.46975
2010-01-29;541.5401719;154.2099898;110.5185038;149.8931271;1.0541;1.46515
2010-02-05;546.7282393;150.2650357;107.4917678;144.9744922;1.0737;1.46775
2010-02-12;523.1538889;150.3873598;110.0977568;144.8790742;1.07925;1.46885
2010-02-19;553.4413706;153.0988787;115.1336798;148.2893245;1.0838;1.46445
2010-02-26;588.3753082;153.1600408;115.1561586;147.8578177;1.0728;1.46405
2010-03-05;594.6893573;158.2262997;117.5033847;154.0779405;1.07525;1.46315
2010-03-12;624.2926982;159.7655454;117.3115433;154.4579594;1.0602;1.45845
2010-03-19;681.9743162;161.4067278;118.0692997;155.8872225;1.06165;1.43615
2010-03-26;635.9801029;163.4556575;117.3518677;158.4387104;1.06625;1.4286
2010-04-02;661.307564;165.6472987;118.2093199;159.8986774;1.04685;1.4172
2010-04-09;750.5736805;167.9510703;118.2101779;162.5768777;1.0692;1.4376
2010-04-16;774.0340075;168.6238532;118.29117;163.1668635;1.06085;1.4329
2010-04-23;643.562663;168.6034659;116.1338978;163.3507322;1.0742;1.43515
2010-04-30;690.5830875;164.2405708;113.5402635;158.5030704;1.078;1.43335
2010-05-07;863.8132296;151.5698267;106.4845146;145.3437648;1.11195;1.40665
2010-05-14;1083.294138;157.0948012;110.3119053;151.6641474;1.12775;1.40125
2010-05-21;1123.230855;151.9775739;106.5009875;145.7390175;1.14845;1.4421
2010-05-28;1475.463577;154.6992864;108.4801458;148.9976382;1.15745;1.42735
2010-06-04;1325.593991;154.7400612;108.0861673;149.0125177;1.15985;1.396
2010-06-11;979.076695;157.0234455;110.2786162;152.363368;1.14955;1.3902
2010-06-18;736.6770713;158.216106;110.627294;153.1466698;1.1096;1.37405
2010-06-25;688.9582532;155.1478084;107.6808637;149.2045347;1.09645;1.3478
2010-07-02;873.0491299;150.9174312;102.5150445;144.3189655;1.0654;1.34255
2010-07-09;1061.28761;155.2191641;106.5679089;149.412376;1.05745;1.33595
2010-07-16;774.1052722;155.4740061;106.119707;149.6492678;1.0483;1.3578
2010-07-23;675.888314;155.2191641;106.4093566;149.1747756;1.0534;1.35025
2010-07-30;731.3179687;156.3608563;106.4012918;150.135333;1.04625;1.36305
2010-08-06;723.4075911;159.3985729;108.470365;153.3308928;1.0356;1.3765
2010-08-13;676.5154431;155.8715596;108.0067196;148.8435286;1.05285;1.34355
2010-08-20;607.2746968;155.351682;106.144588;148.4233585;1.03655;1.3149
2010-08-27;509.8559029;154.138634;106.098601;147.5707369;1.02825;1.30785
2010-09-03;407.8049059;157.5127421;109.8319586;151.2380727;1.0167;1.30775
2010-09-10;370.8898106;157.9510703;110.9812912;151.4950402;1.02215;1.3008
2010-09-17;401.0775217;158.440367;109.6313659;151.6079358;1.0107;1.3185
2010-09-24;361.3973575;160.3669725;109.1466145;153.813179;0.9832;1.32495
2010-10-01;429.3838457;162.0183486;107.8322091;155.400803;0.97535;1.34075
2010-10-08;470.6603384;163.8124363;109.1876254;157.2296882;0.96145;1.3395
2010-10-15;450.3499095;165.667686;110.5577987;159.3963155;0.95745;1.3415
2010-10-22;459.115463;166.7991845;111.1432753;159.8974965;0.97565;1.3586
2010-10-29;408.2467468;167.1253823;111.0591946;159.8605338;0.9835;1.367
2010-11-05;374.2107439;170.1325178;113.0409267;163.4675248;0.9582;1.34455
2010-11-12;333.0767805;168.6748216;111.6264824;161.7946386;0.9771;1.33885
2010-11-19;327.3898605;171.4475025;113.0944639;164.947213;0.99905;1.36485
2010-11-26;322.629381;171.0805301;111.2536099;164.1088805;1.0034;1.32605
2010-12-03;327.8602072;175.0560652;110.5215925;168.9237128;0.9762;1.3064
2010-12-10;326.9195137;176.0448522;111.8641392;168.6850496;0.98125;1.29735
2010-12-17;322.843175;176.4220183;112.1905099;168.7916863;0.97125;1.27715
2010-12-24;308.5047248;177.9918451;113.2418626;170.3108172;0.9619;1.26195
2010-12-31;406.1658186;176.7686035;110.4381981;168.4491025;0.9321;1.25045
2011-01-07;477.1739285;175.2191641;111.4952134;165.8078649;0.964;1.25155
2011-01-14;428.471658;177.4006116;112.4981768;167.5419225;0.96395;1.28805
2011-01-21;429.9967218;174.4546381;112.6907046;163.7136278;0.9596;1.30355
2011-01-28;391.5708157;176.0958206;112.0184017;165.8370335;0.942;1.28345
2011-02-04;370.2056698;177.6962283;112.9839577;167.5931743;0.957;1.29715
2011-02-11;395.0342783;178.9908257;114.3707756;168.6193906;0.97215;1.31735
2011-02-18;409.9428457;179.1437309;115.263576;168.609589;0.95135;1.29735
2011-02-25;386.7960833;174.5667686;112.1740369;164.1629665;0.9292;1.27745
2011-03-04;354.541697;177.4617737;112.0597557;167.752598;0.926;1.2955
2011-03-11;345.5195907;173.4556575;109.0263276;163.202291;0.9279;1.28415
2011-03-18;334.031727;168.7869521;104.6385128;157.9470949;0.9028;1.2764
2011-03-25;346.1324668;175.4943935;109.0009318;165.1013226;0.91425;1.2931
2011-04-01;338.4501361;177.5739042;110.5046047;166.8089277;0.9282;1.313
2011-04-08;345.1062556;178.1447503;110.813816;168.1399386;0.9112;1.31525
2011-04-15;342.2271632;176.1264016;109.8242369;165.3494332;0.89555;1.2912
2011-04-22;346.4745371;178.1141692;110.8006033;168.0582192;0.88255;1.28595
2011-04-29;346.6028135;179.4801223;112.2169352;169.4888994;0.86845;1.2885
2011-05-06;333.0767805;178.6544343;111.9906035;169.1849315;0.87415;1.26805
2011-05-13;329.2997534;178.0428135;112.6212093;168.6295465;0.8875;1.26065
2011-05-20;382.833768;176.6360856;112.0609568;167.1059282;0.878;1.2426
2011-05-27;366.8989895;173.9347604;111.3524477;164.3602976;0.85375;1.21745
2011-06-03;352.4322629;173.9551478;109.946583;164.5420406;0.83595;1.2177
2011-06-10;367.7541654;168.0326198;106.3407193;158.1807983;0.8423;1.20945
2011-06-17;379.883411;164.90316;105.4468893;155.465163;0.84725;1.2122
2011-06-24;359.6299939;161.0805301;102.922064;151.5555031;0.83835;1.1875
2011-07-01;389.5611522;166.5647299;107.0367021;157.5426311;0.84855;1.22895
2011-07-08;402.0467211;165.4841998;105.5760991;155.8249882;0.83805;1.19495
2011-07-15;395.9322131;157.6656473;101.89319;147.6679263;0.81595;1.15245
2011-07-22;421.5447328;159.0927625;103.5039372;149.5484176;0.81635;1.17275
2011-07-29;429.8826984;152.4770642;99.23846849;142.516769;0.7882;1.13265
2011-08-05;426.1769359;135.8511723;88.7491356;125.3347898;0.76275;1.0826
2011-08-12;871.538319;134.9439348;90.1347523;124.9300897;0.7729;1.0987
2011-08-19;1632.687675;129.8267074;87.40538769;119.1509211;0.7863;1.1337
2011-08-26;2336.141161;134.5769623;91.34122549;124.8499055;0.81075;1.1642
2011-09-02;2730.990151;137.2171254;91.96839936;127.3604157;0.7828;1.11225
2011-09-09;2960.020524;136.6258919;93.18842843;127.3513226;0.88345;1.21145
2011-09-16;2933.039723;139.775739;93.56782143;130.5526689;0.8752;1.20645
2011-09-23;2899.117743;132.6911315;90.92442512;123.0307038;0.9029;1.22055
2011-09-30;2857.299639;136.1671764;94.92100698;126.5611715;0.9083;1.2187
2011-10-07;2827.89584;137.8083588;96.98853585;129.5726264;0.915;1.2345
2011-10-14;2787.203717;141.0601427;98.85701637;132.2374823;0.8939;1.23935
2011-10-21;2721.89678;140.9683996;98.72660538;132.4227681;0.8828;1.22685
2011-10-28;2723.037015;145.891947;100.4277823;138.4631554;0.86245;1.2226
2011-11-04;2670.16006;142.4362895;97.11894683;134.3338451;0.888;1.22175
2011-11-11;2693.665997;142.4668705;96.93362596;134.7298063;0.8986;1.2342
2011-11-18;2698.259717;138.0122324;96.34300148;129.5565659;0.9161;1.23885
2011-11-25;2642.636222;132.1610601;92.58510604;124.0093292;0.9328;1.23775
2011-12-02;2581.905902;140.3160041;98.13169107;133.4232404;0.91885;1.2341
2011-12-09;2516.241217;140.2038736;99.41383695;132.8072744;0.9238;1.2347
2011-12-16;2470.056014;135.3312946;98.3830754;127.7658243;0.9357;1.2208
2011-12-23;2562.694374;139.2456677;101.1352619;131.3923004;0.9383;1.2234
2011-12-30;2560.820114;139.8267074;101.8617884;132.0846717;0.9351;1.2139
2012-01-06;2569.379;140.1019368;103.1933532;132.2465753;0.95635;1.21585
2012-01-13;2502.33463;142.6809378;102.8932363;134.6119509;0.95515;1.20985
2012-01-20;2431.306566;145.7900102;105.0609757;138.127539;0.9344;1.20715
2012-01-27;2399.558159;146.17737;103.5312206;137.7136278;0.9188;1.20655
2012-02-03;2447.522128;150.224261;105.5867379;141.9822863;0.91905;1.20595
2012-02-10;2441.300723;149.714577;105.1980788;140.3598252;0.91725;1.20975
2012-02-17;2385.92808;151.559633;107.034643;142.7722012;0.91785;1.20815
2012-02-24;2387.9691;151.3761468;106.1155887;142.2949929;0.89525;1.20525
2012-03-02;2349.469078;151.6819572;105.5191301;142.4900803;0.91325;1.20595
2012-03-09;2280.196976;151.4475025;106.1907467;142.6232877;0.919;1.20565
2012-03-16;2263.59516;153.7410805;108.813037;144.9851205;0.91605;1.20655
2012-03-23;2271.994413;150.8868502;107.0799436;141.7952291;0.9086;1.20505
2012-03-30;2260.995425;152.1406728;106.9972356;143.2360652;0.90385;1.20365
2012-04-06;2248.407235;150.8664628;105.76142;141.7970005;0.92035;1.20225
2012-04-13;2292.532889;149.520897;104.1935711;139.7490553;0.91915;1.20255
2012-04-20;2262.548994;150.3058104;107.0363589;140.4591403;0.9097;1.2015
2012-04-27;2262.849731;151.8450561;104.9527003;142.403401;0.90585;1.2011
2012-05-04;2189.308875;149.6738022;103.9305184;139.7344119;0.916;1.20125
2012-05-11;2150.771796;147.0336391;102.1818101;137.2120926;0.92795;1.20115
2012-05-18;2221.316686;142.1304791;99.48573458;132.3380964;0.944;1.201
2012-05-25;2424.00764;142.5178389;100.6427889;132.6139584;0.95995;1.20105
2012-06-01;2642.603441;139.4087666;99.13757158;129.444615;0.9713;1.2008
2012-06-08;2773.720443;141.3455657;100.7136569;131.7366556;0.96325;1.20085
2012-06-15;3028.859338;140.6829766;101.4429289;131.2471658;0.9513;1.201
2012-06-22;3249.030088;141.7737003;102.7729493;132.3561644;0.95805;1.20095
2012-06-29;3389.850487;142.3547401;104.103313;133.3166037;0.9465;1.20115
2012-07-06;3494.266045;143.9245668;106.1076954;135.0973075;0.97585;1.20095
2012-07-13;3552.990978;142.4159021;106.0757791;133.5564478;0.9808;1.2009
2012-07-20;3725.695187;144.7502548;107.8431911;136.466462;0.98695;1.20085
2012-07-27;3861.445817;145.0662589;109.1817912;136.255196;0.97075;1.20085
2012-08-03;3952.329642;146.0652396;110.8757612;137.0324752;0.9735;1.2013
2012-08-10;3955.716139;147.8491335;111.2515508;138.8239254;0.97515;1.2008
2012-08-17;3999.154801;148.2670744;112.0391645;139.7603921;0.97665;1.201
2012-08-24;4081.689258;146.4627931;111.1228557;137.7544875;0.95935;1.20085
2012-08-31;4118.51741;146.0244648;109.614035;137.5530231;0.9526;1.2008
2012-09-07;4149.23248;149.6738022;112.176096;141.7784601;0.944;1.2084
2012-09-14;4192.522912;153.5779817;112.550856;146.079948;0.92515;1.2163
2012-09-21;4166.206297;151.5902141;113.3515108;143.5471186;0.93265;1.21145
2012-09-28;4151.093913;149.1539246;111.465013;140.2283892;0.9398;1.20905
2012-10-05;4148.18774;151.6921509;114.5355052;142.5488899;0.92835;1.21245
2012-10-12;4178.155956;150.1630989;114.198839;140.3575815;0.93225;1.20885
2012-10-19;4164.176679;151.7431193;115.9309028;142.2979452;0.92785;1.20905
2012-10-26;4180.519092;150.6625892;113.2660573;140.9752008;0.93525;1.2094
2012-11-02;4143.022477;152.2629969;114.9910857;143.0330657;0.9396;1.2069
2012-11-09;4155.049101;150.3975535;115.2283994;140.9982286;0.94885;1.20585
2012-11-16;4171.833355;146.7278287;111.6843093;137.5295229;0.948;1.20445
2012-11-23;4198.326706;151.2640163;115.2265119;143.1976854;0.92965;1.2047
2012-11-30;4177.592965;152.6605505;117.0369938;144.5803023;0.9264;1.2049
2012-12-07;4172.749818;154.5769623;118.8327187;146.8835616;0.9344;1.208
2012-12-14;4194.211884;154.332314;118.4425154;146.5852622;0.92175;1.20835
2012-12-21;4173.442511;155.1070336;118.2199587;147.291214;0.9164;1.20735
2012-12-28;4112.34589;154.9541284;117.068567;146.884034;0.9132;1.20735
2013-01-04;4028.441727;159.6941896;121.1264077;152.4671705;0.9263;1.2084
2013-01-11;4043.316087;161.6309888;123.3451104;153.9541804;0.91225;1.2175
2013-01-18;4052.544861;163.7818552;126.443744;156.5413321;0.9354;1.24325
2013-01-25;4041.021365;164.617737;127.9856822;157.3085735;0.92315;1.24395
2013-02-01;4018.389134;164.1284404;127.3283079;156.8755314;0.9029;1.23665
2013-02-08;3994.045125;164.8521916;126.9099632;157.4320973;0.91725;1.2273
2013-02-15;4062.439247;167.4923547;128.7048302;160.5910487;0.92375;1.23325
2013-02-22;4105.525862;167.6656473;129.6281743;160.3744686;0.93155;1.2261
2013-03-01;4078.39398;168.5932722;130.4451304;161.4455598;0.94525;1.22735
2013-03-08;4033.954761;170.6523955;132.8963421;163.9721304;0.9528;1.23685
2013-03-15;4021.668733;171.814475;134.9477412;164.9351677;0.93875;1.22655
2013-03-22;4033.277747;168.5524975;132.8875909;161.3850968;0.9402;1.222
2013-03-29;4044.963726;169.8267074;134.0774195;163.1167926;0.94695;1.21595
2013-04-05;4014.550819;165.8103976;131.1164038;158.3793103;0.93315;1.21515
2013-04-12;4015.542823;168.3282365;133.1667733;161.5582192;0.9291;1.21685
2013-04-19;4052.489275;164.1692151;130.7328926;157.3549835;0.9306;1.21735
2013-04-26;4050.999843;168.4097859;134.8092654;162.5886868;0.9417;1.2268
2013-05-03;4002.130813;170.1630989;136.2041481;164.6902456;0.9344;1.22565
2013-05-10;3969.812289;173.8939857;140.3265079;168.7674776;0.9573;1.2418
2013-05-17;3971.394364;174.2201835;142.0836243;169.0834908;0.97285;1.24755
2013-05-24;4004.597996;172.4872579;140.1708727;167.0382617;0.9608;1.24235
2013-05-31;3979.642536;171.9673802;136.3654459;166.6048654;0.9596;1.2436
2013-06-07;3925.303231;168.7359837;133.5827157;163.9982286;0.93505;1.2362
2013-06-14;3915.373213;166.7380224;131.0280332;162.1036845;0.9209;1.22845
2013-06-21;3954.481835;164.4444444;127.3404911;158.6306094;0.93475;1.2279
2013-06-28;4231.149784;166.146789;131.8358949;161.0538498;0.94615;1.2299
2013-07-05;4574.621228;169.3068298;133.53364;164.5860888;0.9616;1.23415
2013-07-12;4615.572754;173.5575943;136.9860992;168.8102267;0.94785;1.2373
2013-07-19;4595.647154;174.2405708;136.041306;169.5388521;0.9406;1.2359
2013-07-26;4594.753496;171.2334353;133.7886278;165.6992206;0.92935;1.2327
2013-08-02;4570.841351;174.8929664;136.6557819;170.235829;0.9281;1.2328
2013-08-09;4566.665241;177.4413863;136.8858887;172.76547;0.92155;1.2304
2013-08-16;4571.88324;177.3598369;136.6108245;172.6349787;0.92575;1.23435
2013-08-23;4583.707473;178.3180428;137.3931188;173.8559282;0.91935;1.2322
2013-08-30;4573.27005;174.3730887;132.9157322;168.9013935;0.9324;1.22945
2013-09-06;4534.097291;178.7869521;136.4301366;174.0927019;0.93865;1.2351
2013-09-13;4533.939083;180.6116208;137.9320936;175.9722485;0.93325;1.2375
2013-09-20;4530.213366;180.7543323;139.0831421;175.7137459;0.9116;1.23155
2013-09-27;4538.894828;180.2140673;138.218483;174.9829948;0.9045;1.22485
2013-10-04;4555.270022;179.5616718;136.3088201;173.880137;0.9032;1.22795
2013-10-11;4573.466741;180.6625892;136.1778943;175.1196268;0.9099;1.23405
2013-10-18;4567.500463;182.3955148;138.7272574;177.3189655;0.9017;1.23495
2013-10-25;4550.218783;184.5056065;141.5527144;179.7588569;0.89415;1.23335
2013-11-01;4526.243925;185.9531091;141.0806609;181.2344119;0.91245;1.2307
2013-11-08;4528.983338;186.6055046;141.4087475;181.5927019;0.9223;1.23125
2013-11-15;4538.257722;188.5932722;142.8911429;183.8614785;0.91565;1.2338
2013-11-22;4557.315318;187.7675841;141.5719328;183.1117147;0.9094;1.22995
2013-11-29;4558.425621;189.1233435;141.8082169;184.4891356;0.90365;1.23035
2013-12-06;4523.987685;185.3312946;138.4084369;180.6987482;0.89465;1.22425
2013-12-13;4508.526104;183.4862385;134.3389279;178.6153755;0.89075;1.223
2013-12-20;4519.19585;189.9796126;138.6706316;185.2218942;0.89575;1.2245
2013-12-27;4539.835521;192.4566769;141.0823768;187.9653991;0.88805;1.2235
2014-01-03;4527.02071;194.2507645;141.9156344;189.4287907;0.90415;1.23085
2014-01-10;4572.099885;196.6360856;143.5399375;191.0845536;0.9024;1.2338
2014-01-17;4581.907327;197.6146789;145.4921556;191.4589041;0.90935;1.2328
2014-01-24;4544.534713;193.5168196;140.7323263;187.2047709;0.8943;1.2239
2014-01-31;4514.337025;194.3730887;140.5578158;187.6754842;0.90565;1.2213
2014-02-07;4519.874289;195.7492355;142.741685;189.5250354;0.8982;1.22325
2014-02-14;4532.898619;198.5728848;144.4401165;192.8822626;0.89305;1.22225
2014-02-21;4512.893203;198.3995923;144.6837791;192.6328531;0.88815;1.22075
2014-02-28;4488.462251;201.6411825;145.4310684;196.5262163;0.8808;1.21655
2014-03-07;4478.619176;202.2120285;143.7709022;197.5602267;0.87915;1.21865
2014-03-14;4477.079859;196.941896;139.2312273;192.1646197;0.87115;1.21305
2014-03-21;4517.605222;200.2650357;142.2468096;195.1001417;0.88375;1.21805
2014-03-28;4502.608287;201.9571865;143.6790998;197.2827114;0.88695;1.21975
2014-04-04;4482.400479;205.5657492;145.9058673;201.0229098;0.89345;1.22345
2014-04-11;4514.661992;199.9286442;142.4022733;195.0057865;0.87585;1.21635
2014-04-18;4479.055316;199.9184506;143.7108445;195.1854039;0.88085;1.2187
2014-04-25;4460.440986;202.2120285;143.7003773;197.2812943;0.881;1.21905
2014-05-02;4425.673807;203.9041794;144.8713307;198.9160368;0.8793;1.21915
2014-05-09;4390.176879;203.2619776;146.0326748;199.0262163;0.8861;1.21895
2014-05-16;4375.839854;200.3771662;149.0051873;196.095418;0.89135;1.2216
2014-05-23;4334.647454;202.7013252;149.3521491;198.4662258;0.89575;1.2211
2014-05-30;4333.46446;205.3007136;148.8490373;201.0197213;0.89395;1.21985
2014-06-06;4316.607517;206.9826707;148.5945643;203.1367501;0.8937;1.21895
2014-06-13;4287.091119;206.0550459;148.4928094;201.5448748;0.90025;1.2179
2014-06-20;4296.346973;207.0132518;149.3138838;202.8181389;0.89665;1.21725
2014-06-27;4291.446815;204.393476;146.9201559;200.0246812;0.89085;1.2152
2014-07-04;4298.698707;207.6350663;148.9125268;203.7690128;0.89465;1.21575
2014-07-11;4365.074614;203.567788;145.3142133;199.2646434;0.89275;1.21405
2014-07-18;4396.700446;205.8715596;146.0505205;203.1324988;0.8994;1.21505
2014-07-25;4423.06267;206.9724771;147.0809389;204.7954653;0.9046;1.21515
2014-08-01;4418.373455;203.6697248;144.3146817;201.0203118;0.90525;1.21565
2014-08-08;4411.599037;197.6860347;141.987532;195.8501417;0.90465;1.21355
2014-08-15;4465.841422;202.5178389;143.567564;201.0047237;0.9041;1.20995
2014-08-22;4474.693918;206.6258919;146.7837391;205.2844828;0.9148;1.21045
2014-08-29;4479.572697;207.8389399;148.5822095;206.4037553;0.91585;1.20635
2014-09-05;4463.865965;208.2262997;150.8094919;207.1620217;0.9306;1.20595
2014-09-12;4437.203005;207.5025484;150.9323527;206.2377185;0.93515;1.2099
2014-09-19;4432.023489;207.9408767;151.6914819;206.8362069;0.94005;1.20705
2014-09-26;4419.620587;204.6279307;150.5622258;203.8719887;0.95075;1.2071
2014-10-03;4424.091732;202.0795107;149.0036429;201.1270666;0.96685;1.20965
2014-10-10;4461.120851;192.7726809;143.7024365;191.3604157;0.9581;1.20965
2014-10-17;4475.474979;192.4566769;141.5662702;190.2862541;0.94575;1.20745
2014-10-24;4454.317926;198.3893986;146.4050325;196.2355928;0.95215;1.20625
2014-10-31;4423.359131;203.2823649;151.6504711;201.8856873;0.96245;1.20585
2014-11-07;4438.116617;203.5881753;151.2925273;202.3703354;0.96935;1.20335
2014-11-14;4499.053605;204.8318043;152.9808347;202.8430562;0.9627;1.2014
2014-11-21;4570.88696;208.0020387;155.8162441;206.614667;0.9684;1.20205
2014-11-28;4548.159234;209.204893;157.0158535;207.5098016;0.9635;1.20115
2014-12-05;4485.390744;211.8348624;158.0864247;210.8103448;0.9777;1.20225
2014-12-12;4461.425863;204.0876656;152.6383343;200.6577704;0.96375;1.201
2014-12-19;4505.799518;208.6136595;154.0263533;206.1928436;0.98105;1.2031
2014-12-26;4659.162498;210.1121305;154.8059021;207.6287199;0.98815;1.20265
2015-01-02;4670.654637;209.775739;154.1486994;206.7888521;0.99915;1.20205
2015-01-09;4690.055729;212.3343527;156.2478015;208.962565;1.01475;1.20095
2015-01-16;4840.499708;186.941896;135.55175;181.5572744;0.8533;0.9811
2015-01-23;5209.248728;189.8063201;140.0401185;185.5355456;0.8773;0.9869
2015-01-30;5463.499665;195.0050968;143.8832959;191.9072981;0.92005;1.03825
2015-02-06;5485.798378;200.5606524;147.3642396;197.8081011;0.92505;1.04945
2015-02-13;5486.240219;205.0254842;148.4622658;202.3461266;0.9307;1.0612
2015-02-20;5458.378586;210.1427115;152.5837676;207.7195324;0.9442;1.0734
2015-02-27;5468.23734;215.3720693;154.6833844;212.9378838;0.948;1.06335
2015-03-06;5398.911076;218.5626911;155.8073212;215.8051488;0.98355;1.06825
2015-03-13;5398.968088;220.4281346;157.1112594;217.3026689;1.0052;1.0576
2015-03-20;5366.27186;222.293578;161.234134;218.985829;0.9765;1.0541
2015-03-27;5406.892718;218.0835882;155.8672073;213.3509684;0.9585;1.04385
2015-04-03;5378.871453;219.9388379;156.675069;214.6337978;0.9575;1.042
2015-04-10;5387.052636;225.2803262;162.5240016;220.664974;0.9795;1.0409
2015-04-17;5472.898049;220.4179409;158.6538841;214.8619509;0.9535;1.0273
2015-04-24;5500.192415;222.4057085;159.618239;216.9502834;0.95285;1.03535
2015-05-01;5475.221277;219.6839959;155.7573875;213.8815541;0.9315;1.0454
2015-05-08;5407.0495;218.1141692;156.0355404;211.8985593;0.9275;1.0405
2015-05-15;5376.676501;219.1539246;156.3202139;212.6519839;0.9159;1.0479
2015-05-22;5417.568165;220.764526;160.496454;214.6702881;0.94275;1.03925
2015-05-29;5423.753937;218.2976555;158.5143787;211.9907889;0.94335;1.03425
2015-06-05;5423.753937;216.4118247;156.2361331;209.5707369;0.94685;1.05195
2015-06-12;5464.389048;214.6075433;154.8875806;207.5883325;0.92645;1.04395
2015-06-19;5533.587036;210.764526;152.157358;203.3091639;0.92235;1.0449
2015-06-26;5579.467225;211.3455657;154.5627543;204.6603684;0.935;1.0416
2015-07-03;5574.806516;210.0101937;152.9384512;203.7477563;0.9418;1.04545
2015-07-10;5645.20175;211.8654434;156.7364995;206.4142655;0.93905;1.0492
2015-07-17;5654.879491;218.0326198;162.0900419;213.0432215;0.9601;1.04205
2015-07-24;5667.393566;216.6055046;159.9760112;210.7247284;0.9593;1.0519
2015-07-31;5675.760038;220.0509684;161.7811738;215.216462;0.9611;1.0619
2015-08-07;5641.880817;220.4994903;161.4397029;216.4521729;0.9828;1.0751
2015-08-14;5643.519904;219.3781855;160.3808001;214.6033302;0.97685;1.0854
2015-08-21;5626.159832;210.1121305;150.9776534;204.2710203;0.95405;1.0794
2015-08-28;5644.660139;210.3261978;150.7465171;204.4461502;0.96055;1.07785
2015-09-04;5630.820541;208.8175331;148.4686147;203.5364903;0.9752;1.084
2015-09-11;5675.517738;211.5494393;150.5292798;206.7020548;0.97575;1.1013
2015-09-18;5732.529468;211.1213048;149.9592466;205.9958668;0.9605;1.09275
2015-09-25;5773.60642;206.0244648;145.9563158;200.6509211;0.97705;1.0917
2015-10-02;5689.229059;205.8511723;146.1207022;200.8966698;0.96935;1.09295
2015-10-09;5717.578142;213.058104;148.9466739;209.2456306;0.9623;1.0926
2015-10-16;5688.01756;211.7940877;149.5561737;208.2910959;0.95125;1.0822
2015-10-23;5718.404812;217.930683;152.8986415;215.596599;0.9764;1.0772
2015-10-30;5738.088112;218.0530071;153.3813337;214.8329003;0.98575;1.0889
2015-11-06;5738.088112;222.2120285;153.9239121;219.6015588;1.0049;1.0794
2015-11-13;5728.196576;219.1029562;150.1414788;216.389112;1.00795;1.0817
2015-11-20;5739.58467;223.6391437;154.7056916;221.6763108;1.01665;1.08475
2015-11-27;5724.391043;224.3832824;154.4848509;222.7475201;1.02985;1.0911
2015-12-04;5659.811006;224.5158002;151.0517817;221.9447331;0.9997;1.0885
2015-12-11;5721.112869;218.1549439;145.8897375;215.163675;0.98365;1.0817
2015-12-18;5788.543493;222.4566769;147.723213;219.6144308;0.9944;1.0784
2015-12-25;5786.533829;224.5056065;149.3847519;221.7812943;0.9873;1.0819
2016-01-01;5754.74979;227.6146789;151.3126037;225.0262163;1.001;1.0874
2016-01-08;5758.241758;214.9133537;141.6894743;210.6176193;0.99525;1.08535
2016-01-15;5755.91853;209.8369011;139.1129994;206.4250118;0.99875;1.09385
2016-01-22;5745.85596;212.9255861;141.926788;209.8451819;1.01405;1.09765
2016-01-29;5805.718277;219.2864424;142.7624478;217.1265942;1.02465;1.1087
2016-02-05;5789.127863;214.0468909;136.5905764;211.0493623;0.99315;1.10675
2016-02-12;5832.399766;204.332314;131.382202;200.8832074;0.97685;1.0984
2016-02-19;5866.507034;214.8318043;134.9300671;212.4520548;0.9915;1.1012
2016-02-26;5958.937301;218.8175331;135.1646353;216.4361124;0.99855;1.09105
2016-03-04;5918.858055;224.108053;136.975632;222.0179499;0.9935;1.09355
2016-03-11;5870.56912;225.7390418;137.2477792;223.4141474;0.98375;1.0978
2016-03-18;5963.683528;225.6472987;134.0775911;221.5990789;0.9683;1.09335
2016-03-25;5980.516241;222.9663609;133.4238203;219.1437175;0.97665;1.09025
2016-04-01;5990.022947;225.4943935;131.9268394;222.1896552;0.9623;1.09175
2016-04-08;6037.299924;227.166157;134.1439977;224.5498347;0.9531;1.0873
2016-04-15;6040.392811;228.1651376;137.5252457;224.7781058;0.96665;1.09205
2016-04-22;6059.463235;228.1039755;139.1526375;224.5686112;0.97725;1.09845
2016-04-29;6042.288451;225.9836901;136.6029312;221.6820973;0.9585;1.0978
2016-05-06;5979.105201;225.412844;132.7377898;222.0944733;0.96975;1.1077
2016-05-13;5971.266088;227.3598369;136.0008099;224.2855456;0.97585;1.10255
2016-05-20;5989.566853;229.2150866;137.2283891;226.0767596;0.9923;1.11265
2016-05-27;5996.009179;232.9561672;142.2929683;229.0354275;0.9928;1.1051
2016-06-03;5959.920754;231.9775739;139.8211654;226.9296174;0.9783;1.10865
2016-06-10;5923.461752;227.2986748;135.9484739;221.7370099;0.96275;1.08765
2016-06-17;5936.845256;221.2028542;132.360456;215.6901275;0.96135;1.08135
2016-06-24;6035.632331;222.069317;132.936495;216.4717761;0.96725;1.07515
2016-07-01;6133.564231;227.9001019;138.7368667;222.8652574;0.9739;1.08415
2016-07-08;6186.599393;224.7910296;137.9257447;219.4551252;0.9839;1.0857
2016-07-15;6195.764028;229.5616718;139.9560378;224.2743269;0.9831;1.08835
2016-07-22;6176.878893;232.5382263;140.6161576;227.2679499;0.9885;1.0851
2016-07-29;6200.111173;234.2711519;139.4573874;228.6903637;0.96645;1.08075
2016-08-05;6233.078206;235.7288481;140.6094654;229.8934813;0.98095;1.08595
2016-08-12;6196.348399;240.8154944;142.337411;235.3565187;0.9733;1.08805
2016-08-19;6215.632616;236.8909276;139.4587601;230.2013462;0.95945;1.08655
2016-08-26;6243.967446;237.6350663;140.1629794;230.9594946;0.96835;1.09235
2016-09-02;6253.203347;239.4801223;142.3247131;233.6378129;0.9803;1.09425
2016-09-09;6250.709083;238.2670744;141.8070158;231.4700047;0.9767;1.095
2016-09-16;6252.889782;237.1457696;139.5129836;230.8304204;0.9791;1.09295
2016-09-23;6336.839555;240.7033639;141.9573316;234.5079121;0.97095;1.08935
2016-09-30;6455.153148;239.775739;139.6600392;233.62624;0.9694;1.0894
2016-10-07;6441.541597;239.2864424;139.4126015;233.0596363;0.9795;1.09475
2016-10-14;6433.431679;239.3374108;138.8175156;233.6548181;0.98845;1.08765
2016-10-21;6431.707074;238.4811417;137.8728939;232.9888994;0.99555;1.08225
2016-10-28;6441.55585;235.5759429;135.7058409;230.0245631;0.99345;1.08575
2016-11-04;6440.059292;230.4077472;130.2942998;225.1682806;0.9684;1.07715
2016-11-11;6411.667451;232.2018349;135.2205747;226.5846717;0.9879;1.07235
2016-11-18;6533.587036;235.9327217;135.6368603;230.2253188;1.01155;1.06965
2016-11-25;6599.278802;236.0040775;135.2418523;230.4382381;1.0132;1.07445
2016-12-02;6522.141931;233.8735984;133.5684735;228.4189891;1.01155;1.07835
2016-12-09;6482.23372;236.7278287;138.9843044;231.1415919;1.0203;1.0751
2016-12-16;6517.994327;237.166157;141.1822442;231.6045111;1.0291;1.07125
2016-12-23;6607.659526;239.3985729;141.2666682;233.5441663;1.0253;1.07265
2016-12-30;6645.743362;241.2232416;141.0475434;235.1563533;1.01635;1.072
2017-01-06;6664.158151;244.7706422;144.4380574;238.4573689;1.0136;1.07215
2017-01-13;6615.45588;245.9734964;145.0340012;239.8456542;1.00985;1.07295
2017-01-20;6617.365773;245.7492355;141.9957685;240.020666;1.0053;1.0735
2017-01-27;6652.043158;247.7166157;143.78789;241.1585971;0.99815;1.06855
2017-02-03;6599.022249;248.5321101;143.2949021;241.5800661;0.99125;1.06945
2017-02-10;6620.715212;252.9765545;145.1031534;245.8281767;1.0049;1.06755
2017-02-17;6670.2299;254.1182467;145.9657534;247.384034;1.00105;1.06405
2017-02-24;6701.173016;255.5045872;146.2940116;249.3253425;1.00665;1.06395
2017-03-03;6719.958381;258.950051;148.7725066;252.6794993;1.0106;1.06745
2017-03-10;6662.234005;261.3251784;148.7709623;255.4416627;1.0102;1.0765
2017-03-17;6711.606163;263.0377166;149.261033;257.1905999;0.99795;1.07195
2017-03-24;6788.728781;262.1610601;147.8043767;255.7984176;0.9912;1.07105
2017-03-31;6772.266644;264.0366972;148.5808368;258.3940718;1.00095;1.07055
2017-04-07;6787.21797;265.0866463;148.2723119;259.4421351;1.00675;1.06885
2017-04-14;6850.386967;268.0326198;148.0682873;262.5647142;1.0048;1.06765
2017-04-21;6849.774091;266.9622834;146.780822;260.8503779;0.99875;1.06745
2017-04-28;6833.68253;277.2375127;151.2196001;272.4491025;0.99545;1.084
2017-05-05;6848.705121;282.2324159;154.7199338;278.9220595;0.98815;1.08575
2017-05-12;6906.130186;285.0254842;156.5516934;281.4318611;1.0027;1.09525
2017-05-19;6948.005302;280.1630989;154.820316;275.9688238;0.9745;1.09095
2017-05-26;6973.888628;283.9857288;155.1552663;280.3911195;0.9743;1.08965
2017-06-02;6846.096834;284.4036697;155.1883838;280.4348134;0.96385;1.08675
2017-06-09;6787.160958;282.8644241;151.788947;279.4005668;0.97025;1.0851
2017-06-16;6870.298314;284.2099898;153.8041399;280.1200992;0.97305;1.08965
2017-06-23;7008.737048;283.6187564;154.9984299;279.1132499;0.9688;1.08505
2017-06-30;6984.948903;279.0723751;152.8363531;273.5457015;0.95765;1.09225
2017-07-07;6927.267285;279.5412844;152.4310495;273.949693;0.9645;1.09865
2017-07-14;6879.505708;283.7716616;155.0272576;279.3142419;0.96535;1.10505
2017-07-21;6776.457006;282.7420999;153.3818485;279.4185168;0.94745;1.10445
2017-07-28;6826.213994;283.4250765;154.7654061;279.872461;0.9687;1.13795
2017-08-04;6839.412209;289.2456677;157.4710908;286.3991497;0.97295;1.14335
2017-08-11;6788.657516;279.5514781;152.4442622;276.1864667;0.96275;1.13525
2017-08-18;6702.541298;282.3751274;152.2779882;279.0627067;0.9617;1.13005
2017-08-25;6727.426918;284.2405708;152.82417;282.4672886;0.95835;1.1378
2017-09-01;6677.726942;284.6279307;153.432297;283.7560227;0.96265;1.1435
2017-09-08;6719.716082;284.872579;152.9248953;284.6205716;0.94775;1.13925
2017-09-15;6735.223272;288.3893986;154.9153787;288.5041332;0.9603;1.14885
2017-09-22;6787.075441;290.285423;156.7800842;290.3640765;0.9689;1.15965
2017-09-29;6741.266516;291.2538226;157.1359689;290.5250354;0.9676;1.14385
2017-10-06;6739.855475;293.9449541;158.760272;293.117265;0.97805;1.1475
2017-10-13;6717.449865;297.6350663;159.7824539;297.3007794;0.9744;1.1533
2017-10-20;6679.822123;294.6279307;158.5030535;294.5246812;0.9835;1.15925
2017-10-27;6690.283776;299.8165138;157.5814254;301.7769249;0.9994;1.15755
2017-11-03;6681.218911;303.5474006;159.9602247;305.8745867;1.00025;1.16205
2017-11-10;6736.677071;298.2466871;156.7361563;300.6399386;0.9947;1.1601
2017-11-17;6772.238138;298.0937819;157.5846856;300.8264053;0.99095;1.16755
2017-11-24;6812.117843;302.3139653;160.0211403;304.2802315;0.9789;1.16855
2017-12-01;6774.034007;299.3577982;159.145156;300.9567785;0.98415;1.16785
2017-12-08;6790.538903;303.4454638;159.9106342;306.0266887;0.9944;1.1686
2017-12-15;6839.911062;302.8950051;161.2070223;304.1522201;0.99185;1.16695
2017-12-22;6857.541939;305.6167176;161.2032472;306.4423713;0.9898;1.17135
2017-12-29;6747.495047;306.1060143;160.9866964;306.1276571;0.9745;1.17015
2018-01-05;6718.276535;314.138634;163.9914684;314.5108644;0.97535;1.17395
2018-01-12;6754.778296;316.432212;163.813526;315.2223666;0.9713;1.1798
2018-01-19;6682.544434;318.8990826;163.1813759;317.6812707;0.9617;1.1756
2018-01-26;6629.466513;316.0448522;163.2807285;313.1273028;0.93515;1.1627
2018-02-02;6633.101011;309.1029562;158.220954;307.164974;0.932;1.15915
2018-02-09;6647.82429;293.3741081;148.9773891;291.71906;0.94025;1.15165
2018-02-16;6584.826328;305.7798165;154.2061832;304.5088569;0.9251;1.1516
2018-02-23;6558.600932;304.0468909;153.5450338;301.7808219;0.9361;1.1512
2018-03-02;6531.477602;292.6503568;148.059536;289.3187293;0.93795;1.15465
2018-03-09;6618.220949;304.5565749;153.2646502;302.337624;0.95015;1.17055
2018-03-16;6646.883596;302.5688073;152.4183516;299.700992;0.9532;1.17055
2018-03-23;6693.718733;294.648318;147.0397565;292.1170288;0.9466;1.16995
2018-03-30;6687.019854;296.8399592;149.9892754;295.4481578;0.9576;1.1777
2018-04-06;6633.34331;295.1172273;148.7893228;292.9133207;0.96095;1.17825
2018-04-13;6645.358533;299.0316004;150.5932842;297.0041332;0.9623;1.18625
2018-04-20;6727.3414;304.108053;151.1360341;302.1581247;0.97415;1.19615
2018-04-27;6715.839284;305.7288481;151.7403861;305.425248;0.98835;1.1961
2018-05-04;6753.053691;307.5229358;152.7838455;308.2301606;1.00115;1.19445
2018-05-11;6738.102365;313.1906218;154.3226951;314.2419698;0.99995;1.1943
2018-05-18;6704.280156;310.8460754;153.4123921;312.418871;0.9987;1.17545
2018-05-25;6646.570032;308.4097859;150.3000311;310.0645961;0.99145;1.15545
2018-06-01;6660.922735;305.8817533;147.8884574;306.4783892;0.9881;1.15245
2018-06-08;6610.538618;308.9296636;146.0613309;310.4411904;0.98525;1.15925
2018-06-15;6639.286783;312.038736;148.3013111;315.3051488;0.99505;1.15595
2018-06-22;6653.197645;305.7900102;147.8544819;309.2816486;0.9899;1.15205
2018-06-29;6689.015265;303.5881753;147.7299051;306.8142419;0.99295;1.15935
2018-07-06;6679.408788;302.0489297;149.2419862;306.9031649;0.98915;1.16295
2018-07-13;6742.335486;307.8389399;152.0497689;313.8628956;1.00345;1.17075
2018-07-20;6758.769117;307.7370031;154.2854593;314.7357109;0.9951;1.165
2018-07-27;6791.322815;311.3149847;157.4060569;318.8593529;0.99425;1.15855
2018-08-03;6786.590841;309.3781855;157.1452349;317.1150213;0.99305;1.15095
2018-08-10;6746.768148;308.3995923;154.9716614;314.5342466;0.99345;1.13575
2018-08-17;6735.864654;304.108053;154.5011522;310.8699811;0.9952;1.13545
2018-08-24;6799.119169;309.8572885;155.3417883;317.173949;0.9825;1.1424
2018-08-31;6810.592779;310.9989806;153.9803663;317.8470713;0.9671;1.12525
2018-09-07;6780.148516;302.0591233;151.7419304;307.3442371;0.96755;1.12075
2018-09-14;6766.038112;306.8501529;153.919279;314.0617619;0.96605;1.12705
2018-09-21;6709.824546;304.4546381;154.3547831;310.7065423;0.9579;1.12655
2018-09-28;6767.064323;303.5168196;155.9439095;310.0859707;0.9768;1.13455
2018-10-05;6690.811134;294.648318;155.1561243;299.7181153;0.99205;1.1419
2018-10-12;6673.821639;278.3078491;148.6064042;282.0512518;0.9921;1.147
2018-10-19;6721.412181;280.1936799;152.2392081;284.1376949;0.9965;1.14555
2018-10-26;6699.704964;269.1743119;148.6994078;271.3075106;0.99815;1.13495
2018-11-02;6697.49576;284.1488277;154.3019323;287.8050307;1.00355;1.14185
2018-11-09;6779.236328;280.3975535;155.7043652;283.1438356;1.00475;1.14075
2018-11-16;6762.660167;268.1549439;152.8449328;269.7020548;1.0026;1.1424
2018-11-23;6737.560753;264.5973496;151.7898049;265.6676901;0.99725;1.1313
2018-11-30;6727.013583;265.6269113;155.0819959;266.3578177;0.99935;1.13155
2018-12-07;6734.553384;258.0020387;149.990305;259.3722248;0.99195;1.12995
2018-12-14;6722.310115;256.1264016;149.520997;257.9560699;0.99655;1.12585
2018-12-21;6762.859708;244.841998;144.4351403;245.4697685;0.9907;1.1307
2018-12-28;6827.225952;247.8797146;144.6412239;248.2698394;0.98435;1.12555