Date;SDofDomBanks;OtherSD;TotalSD;M1Switzerland;SNBFXinv;SPIEX;SMI;SMIMid;Gov10yr;Gov3yr;Libor3M_CHF;OvernightLendingRate;CHFUSD;CHFEUR
2011-08-19;114551;22063.1;136614.1;441906;188734.8;127.36;5093.75;1008.97;0.881;0.06;0.00833;-0.75;1.2737;0.8847
2011-08-26;163906;25131;189037;441906;188734.8;132.02;5323.12;1057.23;0.983;0.038;0.005;-0.075;1.2402;0.8553
2011-09-02;191609;38188;229797;465179;280982;134.61;5359.67;1078.49;0.954;-0.017;0.005;-0.145;1.2686;0.893
2011-09-09;207678;45761.7;253439.7;465179;280982;134.03;5430.77;1078.41;0.978;0.052;0.00667;0.05;1.1315;0.8288
2011-09-16;205785;41648.7;247433.7;465179;280982;137.12;5452.88;1105.52;0.989;-0.002;0.00667;-0.04;1.142;0.8275
2011-09-23;203405;38862.7;242267.7;465179;280982;130.17;5298.83;1041.82;0.888;-0.055;0.01;0.075;1.1041;0.8186
2011-09-30;200471;37080.1;237551.1;470320;305281.5;133.58;5531.74;1071.72;0.919;-0.045;0.02333;0.14;1.1011;0.8226
2011-10-07;198408;37145.5;235553.5;470320;305281.5;135.19;5652.23;1097.22;0.945;-0.005;0.03;0.105;1.0785;0.8062
2011-10-14;195553;39626.3;235179.3;470320;305281.5;138.38;5761.12;1119.79;1.038;-0.003;0.04;0.155;1.1217;0.8079
2011-10-21;190971;40580.9;231551.9;470320;305281.5;138.29;5753.52;1121.36;0.996;-0.029;0.04167;0.105;1.1331;0.8155
2011-10-28;191051;40273.4;231324.4;470320;305281.5;143.12;5852.66;1172.51;1.022;-0.005;0.04333;0.105;1.1583;0.8188
2011-11-04;187341.1;42839.4;230180.5;476112;261815.4;139.73;5659.83;1137.54;0.859;-0.101;0.04333;0.155;1.1305;0.8197
2011-11-11;188990.3;42346;231336.3;476112;261815.4;139.76;5649.03;1140.89;0.891;-0.056;0.04333;0.085;1.1113;0.8082
2011-11-18;189312.6;42199;231511.6;476112;261815.4;135.39;5614.61;1097.09;0.853;-0.023;0.05;0.125;1.091;0.8067
2011-11-25;185410;42966.6;228376.6;476112;261815.4;129.65;5395.61;1050.11;0.859;-0.059;0.05;0.125;1.0753;0.8122
2011-12-02;181149.1;47372.8;228521.9;476649;261949.7;137.65;5718.85;1129.83;0.814;-0.064;0.05167;0.105;1.0853;0.8104
2011-12-09;176542;49483.5;226025.5;476649;261949.7;137.54;5793.57;1124.61;0.731;-0.085;0.05167;0.105;1.0835;0.8093
2011-12-16;173301.6;50920.9;224222.5;476649;261949.7;132.76;5733.5;1081.92;0.69;-0.041;0.05167;0.11;1.0684;0.819
2011-12-23;179801.2;43732.8;223534;476649;261949.7;136.6;5893.89;1112.63;0.674;-0.045;0.05167;0.18;1.0677;0.8179
2011-12-30;179669.7;41234.2;220903.9;476649;261949.7;137.17;5936.23;1118.49;0.64;-0.067;0.05167;0.38;1.0647;0.8221
2012-01-06;180270.2;36907.3;217177.5;482297;257504.2;137.44;6013.83;1119.86;0.75;-0.041;0.05167;0.045;1.0469;0.8231
2012-01-13;175566.3;43198.4;218764.7;482297;257504.2;139.97;5996.34;1139.89;0.739;-0.023;0.06;0.075;1.05;0.8281
2012-01-20;170582.9;45733.4;216316.3;482297;257504.2;143.02;6122.67;1169.66;0.765;0.041;0.06167;0.075;1.07;0.8275
2012-01-27;168355.4;48030.2;216385.6;482297;257504.2;143.4;6033.52;1166.16;0.744;0.04;0.06667;0.075;1.0957;0.8289
2012-02-03;171720.6;47605.3;219325.9;482958;247484;147.37;6153.31;1202.31;0.732;0.016;0.075;0.075;1.0891;0.8279
2012-02-10;171284.1;48201.3;219485.4;482958;247484;146.87;6130.66;1188.57;0.802;-0.008;0.08333;0.075;1.0911;0.8268
2012-02-17;167399.1;49943.3;217342.4;482958;247484;148.68;6237.69;1209;0.769;-0.002;0.08417;0.085;1.087;0.8273
2012-02-24;167542.3;50170.3;217712.6;482958;247484;148.5;6184.13;1204.95;0.755;-0.031;0.08583;0.075;1.1161;0.8296
2012-03-02;164841.1;54910.9;219752;481882;241236.6;148.8;6149.37;1206.61;0.674;-0.022;0.09;0.11;1.0939;0.8288
2012-03-09;159980.9;57283.2;217264.1;481882;241236.6;148.57;6188.51;1207.73;0.698;-0.001;0.09333;0.075;1.0884;0.8292
2012-03-16;158816.1;58209;217025.1;481882;241236.6;150.82;6341.33;1227.73;0.931;0.078;0.1025;0.075;1.0922;0.829
2012-03-23;159405.4;58133.8;217539.2;481882;241236.6;148.02;6240.33;1200.72;0.877;0.059;0.10583;0.075;1.1013;0.83
2012-03-30;158633.7;59323.5;217957.2;481882;241236.6;149.25;6235.51;1212.92;0.843;0.043;0.11;0.075;1.108;0.8307
2012-04-06;157750.5;60191.9;217942.4;480047;245498.5;148;6163.49;1200.74;0.783;0;0.11167;0.075;1.0902;0.8327
2012-04-13;160846.4;57606.9;218453.3;480047;245498.5;146.68;6072.12;1183.39;0.728;-0.029;0.11167;0.075;1.0875;0.8316
2012-04-20;158742.7;59475.5;218218.2;480047;245498.5;147.45;6237.79;1189.41;0.76;-0.003;0.11167;0.075;1.1003;0.8322
2012-04-27;158763.8;59749.1;218512.9;480047;245498.5;148.96;6116.36;1205.87;0.707;-0.048;0.11167;0.075;1.1031;0.8323
2012-05-04;153604.1;65457.5;219061.6;483599;247218.4;146.83;6056.79;1183.27;0.648;-0.057;0.11167;0.07;1.0891;0.8325
2012-05-11;150900.3;67093.6;217993.9;483599;247218.4;144.24;5954.88;1161.91;0.629;-0.069;0.11167;0.05;1.0754;0.8325
2012-05-18;155849.8;65911.2;221761;483599;247218.4;139.43;5797.76;1120.64;0.601;-0.13;0.11167;0.025;1.0642;0.8327
2012-05-25;170070.8;64909.7;234980.5;483599;247218.4;139.81;5865.19;1122.97;0.631;-0.17;0.11333;-0.07;1.0422;0.8326
2012-06-01;185407.7;66918.5;252326.2;487557;306147.8;136.76;5777.47;1096.14;0.492;-0.215;0.09583;-0.05;1.0351;0.8325
2012-06-08;194607;71495;266102;487557;306147.8;138.66;5869.32;1115.55;0.58;-0.201;0.09167;0.05;1.0421;0.8325
2012-06-15;212507.8;72054.5;284562.3;487557;306147.8;138.01;5911.82;1111.4;0.553;-0.302;0.09083;0.05;1.0525;0.8328
2012-06-22;227955.2;72938.3;300893.5;487557;306147.8;139.08;5989.33;1120.79;0.547;-0.283;0.095;0.05;1.0468;0.8327
2012-06-29;237835.3;73134.3;310969.6;487557;306147.8;139.65;6066.86;1128.92;0.638;-0.243;0.087;0.05;1.0542;0.8324
2012-07-06;245161.2;71739.7;316900.9;498579;365055.7;141.19;6183.67;1144;0.52;-0.266;0.08;0.05;1.0232;0.8326
2012-07-13;249281.4;71502;320783.4;498579;365055.7;139.71;6181.81;1130.96;0.519;-0.295;0.074;0.05;1.02;0.8327
2012-07-20;261398.5;69768.9;331167.4;498579;365055.7;142;6284.81;1155.6;0.466;-0.311;0.07;0.05;1.0121;0.8324
2012-07-27;270922.9;70620.4;341543.3;498579;365055.7;142.31;6362.82;1153.81;0.51;-0.28;0.064;0.05;1.0257;0.8325
2012-08-03;277299.4;74755.7;352055.1;509836;409188.6;143.29;6461.54;1160.39;0.499;-0.29;0.054;0.01;1.0308;0.8321
2012-08-10;277537;75767.4;353304.4;509836;409188.6;145.04;6483.44;1175.56;0.56;-0.272;0.052;-0.005;1.0233;0.8328
2012-08-17;280584.7;76091.4;356676.1;509836;409188.6;145.45;6529.34;1183.49;0.55;-0.243;0.05;-0.005;1.0268;0.8326
2012-08-24;286375.4;75736.5;362111.9;509836;409188.6;143.69;6475.94;1166.51;0.52;-0.347;0.048;-0.005;1.042;0.8328
2012-08-31;288959.3;77016.7;365976;518162;421573.4;143.25;6388.01;1164.8;0.49;-0.403;0.046;-0.005;1.0472;0.8326
2012-09-07;291114.3;79558.3;370672.6;518162;421573.4;146.83;6537.32;1200.58;0.568;-0.184;0.046;-0.005;1.0588;0.8262
2012-09-14;294151.6;79145.8;373297.4;518162;421573.4;150.66;6559.16;1237.01;0.641;-0.188;0.046;-0.005;1.0791;0.8219
2012-09-21;292305.2;81425.4;373730.6;518162;421573.4;148.71;6605.82;1215.56;0.58;-0.179;0.045;-0.005;1.0721;0.8259
2012-09-28;291244.9;82171.3;373416.2;518162;421573.4;146.32;6495.88;1187.45;0.55;-0.169;0.044;-0.005;1.064;0.8275
2012-10-05;291041;81693;372734;522052;429917.7;148.81;6674.82;1207.1;0.526;-0.185;0.04;-0.005;1.0756;0.8246
2012-10-12;293143.6;79812.7;372956.3;522052;429917.7;147.31;6655.2;1188.55;0.478;-0.205;0.037;-0.005;1.0713;0.8272
2012-10-19;292162.8;81197.4;373360.2;522052;429917.7;148.86;6756.14;1204.98;0.507;-0.221;0.037;-0.07;1.0769;0.8271
2012-10-26;293309.4;79981.4;373290.8;522052;429917.7;147.8;6600.84;1193.78;0.494;-0.207;0.034;0.05;1.0699;0.827
2012-11-02;290678.6;81859.1;372537.7;527023;426769.5;149.37;6701.37;1211.2;0.469;-0.221;0.032;-0.11;1.0634;0.8286
2012-11-09;291522.4;80980.6;372503;527023;426769.5;147.54;6715.2;1193.97;0.419;-0.263;0.03;-0.035;1.054;0.8289
2012-11-16;292700;80343.7;373043.7;527023;426769.5;143.94;6508.66;1164.6;0.418;-0.266;0.03;-0.075;1.0576;0.8299
2012-11-23;294558.8;79350;373908.8;527023;426769.5;148.39;6715.09;1212.6;0.471;-0.243;0.03;-0.075;1.0773;0.8304
2012-11-30;293104.1;80241.8;373345.9;531588;428253.1;149.76;6820.6;1224.31;0.428;-0.253;0.03;-0.075;1.0775;0.8297
2012-12-07;292764.3;79848.9;372613.2;531588;428253.1;151.64;6925.25;1243.81;0.369;-0.312;0.014;-0.025;1.0701;0.8275
2012-12-14;294270.1;77949.4;372219.5;531588;428253.1;151.4;6902.51;1241.28;0.507;-0.249;0.016;-0.07;1.0895;0.8276
2012-12-21;292812.9;78538.5;371351.4;531588;428253.1;152.16;6889.54;1247.26;0.534;-0.253;0.012;-0.075;1.0925;0.8285
2012-12-28;288526.3;81115.4;369641.7;531588;428253.1;152.01;6822.44;1243.81;0.505;-0.218;0.012;0.025;1.0947;0.8282
2013-01-04;282639.5;86193.8;368833.3;536921;432208.9;156.66;7058.92;1291.09;0.557;-0.091;0.012;-0.15;1.0815;0.8275
2013-01-11;283683.1;86156.1;369839.2;536921;432208.9;158.56;7188.22;1303.68;0.632;-0.081;0.016;0;1.0946;0.8203
2013-01-18;284330.6;86793.8;371124.4;536921;432208.9;160.67;7368.8;1325.59;0.665;0.01;0.02;-0.05;1.0705;0.8035
2013-01-25;283522.1;87759.9;371282;536921;432208.9;161.5;7458.66;1332.09;0.724;0.064;0.02;-0.05;1.0793;0.802
2013-02-01;281934.2;88486;370420.2;535128;435882.7;161.01;7420.35;1328.42;0.755;0.058;0.024;-0.05;1.1009;0.8075
2013-02-08;280226.2;89838.9;370065.1;535128;435882.7;161.72;7395.97;1333.13;0.728;0.017;0.024;0.05;1.0902;0.8157
2013-02-15;285024.8;85242.4;370267.2;535128;435882.7;164.31;7500.57;1359.88;0.76;0.005;0.024;0.05;1.0848;0.8118
2013-02-22;288047.8;82921.7;370969.5;535128;435882.7;164.48;7554.38;1358.05;0.749;-0.009;0.024;-0.05;1.0759;0.8156
2013-03-01;286144.2;84760.9;370905.1;537330;439066.2;165.39;7601.99;1367.12;0.666;-0.047;0.022;0;1.0607;0.8146
2013-03-08;283026.3;87496.4;370522.7;537330;439066.2;167.41;7744.84;1388.52;0.749;0.007;0.022;-0.08;1.0511;0.8083
2013-03-15;282164.3;88590.6;370754.9;537330;439066.2;168.55;7864.39;1396.67;0.77;0.018;0.022;-0.05;1.0653;0.8147
2013-03-22;282978.8;88149.2;371128;537330;439066.2;165.35;7744.33;1366.61;0.708;-0.037;0.022;-0.08;1.0628;0.8177
2013-03-29;283798.7;87032.3;370831;537330;439066.2;166.6;7813.67;1381.27;0.691;-0.047;0.022;0;1.0532;0.8218
2013-04-05;281664.9;88739.3;370404.2;537862;445585.2;162.66;7641.11;1341.16;0.627;-0.076;0.022;-0.05;1.0703;0.8238
2013-04-12;281734.5;89036.2;370770.7;537862;445585.2;165.13;7760.6;1368.08;0.632;-0.067;0.02;-0.08;1.0783;0.8222
2013-04-19;284326.7;87000.8;371327.5;537862;445585.2;161.05;7618.76;1332.48;0.602;-0.089;0.02;-0.06;1.0713;0.8203
2013-04-26;284222.2;87402.2;371624.4;537862;445585.2;165.21;7856.32;1376.8;0.554;-0.127;0.02;0.185;1.0607;0.8143
2013-05-03;280793.5;90618.2;371411.7;546452;444254.6;166.93;7937.61;1394.6;0.557;-0.111;0.02;-0.07;1.0688;0.8152
2013-05-10;278526;92892.6;371418.6;546452;444254.6;170.59;8177.85;1429.12;0.596;-0.085;0.02;-0.13;1.0451;0.8046
2013-05-17;278637;93017.4;371654.4;546452;444254.6;170.91;8280.25;1431.8;0.599;-0.124;0.018;-0.1;1.0282;0.8008
2013-05-24;280966.6;90706.7;371673.3;546452;444254.6;169.21;8168.78;1414.48;0.635;-0.094;0.016;-0.11;1.0401;0.8042
2013-05-31;279215.7;91822.3;371038;546521;448348.6;168.7;7947.01;1410.81;0.7;-0.072;0.016;0;1.0468;0.8055
2013-06-07;275403.2;95080.3;370483.5;546521;448348.6;165.53;7784.84;1388.74;0.749;-0.022;0.016;0.05;1.0685;0.8082
2013-06-14;274706.5;95949.6;370656.1;546521;448348.6;163.57;7635.96;1372.69;0.748;-0.036;0.018;-0.07;1.0855;0.8134
2013-06-21;277450.4;93601.4;371051.8;546521;448348.6;161.32;7421.06;1343.28;0.918;0.058;0.018;0.05;1.0703;0.8154
2013-06-28;296861.7;73923.3;370785;546521;448348.6;163;7683.04;1363.8;0.998;0.055;0.019;-0.1;1.0582;0.8134
2013-07-05;320960;49083.4;370043.4;538865;438177.4;166.09;7781.98;1393.71;1.03;-0.01;0.019;-0.1;1.0375;0.8086
2013-07-12;323833.2;46174.9;370008.1;538865;438177.4;170.26;7983.18;1429.48;0.988;-0.007;0.019;-0.05;1.0566;0.8085
2013-07-19;322435.2;47707.3;370142.5;538865;438177.4;170.93;7928.12;1435.65;0.962;0.044;0.02;-0.05;1.0629;0.8085
2013-07-26;322372.5;47885.8;370258.3;538865;438177.4;167.98;7796.84;1403.14;1.028;0.044;0.022;-0.05;1.0772;0.8112
2013-08-02;320694.8;49127.1;369821.9;546948;444348.9;171.57;7963.93;1441.56;1.012;0.077;0.018;-0.05;1.0761;0.8106
2013-08-09;320401.8;49498.3;369900.1;546948;444348.9;174.07;7977.34;1462.98;0.964;0.054;0.018;-0.025;1.0841;0.8126
2013-08-16;320767.9;49581.7;370349.6;546948;444348.9;174;7961.31;1461.87;1.03;0.12;0.018;-0.05;1.0793;0.8098
2013-08-23;321597.5;48984.3;370581.8;546948;444348.9;174.93;8006.9;1472.21;1.126;0.137;0.018;-0.025;1.0847;0.81
2013-08-30;320865.2;49266.3;370131.5;546948;444348.9;171.06;7745.97;1430.26;1.053;0.072;0.018;-0.025;1.0754;0.8134
2013-09-06;318116.8;51466.4;369583.2;554359;443418.7;175.39;7950.78;1474.22;1.099;0.089;0.018;-0.1;1.0664;0.8092
2013-09-13;318105.7;51381.8;369487.5;554359;443418.7;177.19;8038.31;1490.13;1.131;0.09;0.021;-0.1;1.0757;0.8091
2013-09-20;317844.3;51636.3;369480.6;554359;443418.7;177.32;8105.39;1487.94;1.089;0.073;0.021;-0.1;1.0984;0.8122
2013-09-27;318453.4;51022.7;369476.1;554359;443418.7;176.79;8055;1481.76;1.016;0.024;0.022;-0.125;1.1039;0.8164
2013-10-04;319602.3;49445.3;369047.6;550480;443070.6;176.16;7943.71;1472.42;1.021;0.014;0.023;-0.025;1.1023;0.8131
2013-10-11;320879;48254.4;369133.4;550480;443070.6;177.23;7936.08;1482.91;1.01;-0.022;0.019;-0.02;1.0968;0.8098
2013-10-18;320460.4;49017.7;369478.1;550480;443070.6;178.93;8084.65;1501.54;1.017;0.005;0.019;-0.05;1.1091;0.8102
2013-10-25;319247.9;50408.8;369656.7;550480;443070.6;181;8249.31;1522.2;0.965;-0.02;0.019;-0.05;1.1202;0.8116
2013-11-01;317565.8;51478.5;369044.3;554396;446798.2;182.42;8221.8;1534.69;0.934;-0.021;0.019;-0.05;1.0962;0.8127
2013-11-08;317758;50876.4;368634.4;554396;446798.2;183.06;8240.92;1537.73;0.957;-0.03;0.021;-0.05;1.085;0.8118
2013-11-15;318408.7;50142.7;368551.4;554396;446798.2;185.01;8327.31;1556.94;0.952;-0.046;0.021;-0.05;1.093;0.8099
2013-11-22;319745.8;48745.2;368491;554396;446798.2;184.19;8250.43;1550.59;0.934;-0.08;0.019;-0.05;1.1029;0.8135
2013-11-29;319823.7;47961.4;367785.1;554396;446798.2;185.53;8264.2;1562.25;0.882;-0.086;0.015;0.02;1.1036;0.812
2013-12-06;317407.5;49286;366693.5;560324;446420.2;181.81;8066.07;1530.16;0.976;-0.044;0.019;-0.05;1.1213;0.8182
2013-12-13;316322.7;49986.3;366309;560324;446420.2;180;7828.91;1512.52;0.96;-0.053;0.022;0.02;1.1244;0.8182
2013-12-20;317071.3;48423.5;365494.8;560324;446420.2;186.37;8081.35;1568.46;1.03;-0.051;0.021;-0.05;1.1157;0.8163
2013-12-27;318519.4;45086.9;363606.3;560324;446420.2;188.8;8221.9;1591.69;1.082;-0.048;0.021;0.02;1.1216;0.8159
2014-01-03;317620.3;45356.2;362976.5;554429;443274.5;190.56;8270.46;1604.08;1.238;-0.024;0.022;-0.065;1.1045;0.813
2014-01-10;320783.1;43039.4;363822.5;554429;443274.5;192.9;8365.12;1618.1;1.231;-0.061;0.023;0.02;1.108;0.8107
2014-01-17;321471.2;43596.7;365067.9;554429;443274.5;193.86;8478.89;1621.27;1.14;-0.061;0.023;-0.05;1.0988;0.8114
2014-01-24;318849.1;47066.3;365915.4;554429;443274.5;189.84;8201.5;1585.25;1.04;-0.119;0.021;0.02;1.1178;0.8174
2014-01-31;316730.4;49143.2;365873.6;561178;447978.4;190.68;8191.33;1589.24;0.999;-0.142;0.018;0.02;1.1033;0.8182
2014-02-07;317118.9;48776.9;365895.8;561178;447978.4;192.03;8318.6;1604.9;0.997;-0.11;0.016;-0.05;1.1136;0.8166
2014-02-14;318032.7;48308.9;366341.6;561178;447978.4;194.8;8417.58;1633.33;1.026;-0.106;0.018;0;1.1201;0.8181
2014-02-21;316629.1;50037.2;366666.3;561178;447978.4;194.63;8431.78;1631.21;0.998;-0.092;0.018;0;1.1263;0.8198
2014-02-28;314915;51772;366687;563047;442151.1;197.81;8475.33;1664.18;0.991;-0.09;0.022;-0.05;1.1361;0.8231
2014-03-07;314224.4;52336.9;366561.3;563047;442151.1;198.37;8378.58;1672.94;1.01;-0.05;0.018;0.02;1.1387;0.8208
2014-03-14;314116.4;52955.2;367071.6;563047;442151.1;193.2;8114.02;1627.25;0.95;-0.069;0.02;-0.05;1.1464;0.8241
2014-03-21;316959.7;50816.2;367775.9;563047;442151.1;196.46;8289.76;1652.11;1.001;-0.059;0.025;0.02;1.1328;0.8212
2014-03-28;315907.5;51727.3;367634.8;563047;442151.1;198.12;8373.23;1670.59;0.93;-0.08;0.022;-0.05;1.1276;0.82
2014-04-04;314489.7;52761.1;367250.8;566449;445479.6;201.66;8503;1702.26;0.899;-0.095;0.018;-0.02;1.1208;0.8179
2014-04-11;316753.2;50768.6;367521.8;566449;445479.6;196.13;8298.82;1651.31;0.866;-0.005;0.016;-0.05;1.1415;0.8221
2014-04-18;314255;53344.2;367599.2;566449;445479.6;196.12;8375.08;1652.83;0.863;0.009;0.016;0.02;1.132;0.8195
2014-04-25;312949;54562.9;367511.9;566449;445479.6;198.37;8374.47;1670.58;0.797;-0.132;0.016;-0.02;1.1344;0.8201
2014-05-02;310509.7;56760.6;367270.3;567210;447444.8;200.03;8442.71;1684.42;0.82;0.006;0.018;-0.05;1.1389;0.8209
2014-05-09;308019.2;59219.7;367238.9;567210;447444.8;199.4;8510.39;1685.35;0.811;0.016;0.018;-0.08;1.1284;0.8201
2014-05-16;307013.3;60658;367671.3;567210;447444.8;196.57;8683.62;1660.54;0.736;-0.013;0.013;-0.09;1.1202;0.8181
2014-05-23;304123.2;63791.8;367915;567210;447444.8;198.85;8703.84;1680.61;0.782;0.002;0.014;-0.09;1.1161;0.8191
2014-05-30;304040.2;63332;367372.2;567210;447444.8;201.4;8674.52;1702.23;0.711;-0.025;0.012;-0.09;1.1169;0.8194
2014-06-06;302857.5;63985.4;366842.9;568846;451952.5;203.05;8659.69;1720.16;0.694;-0.066;0.012;-0.05;1.1191;0.8203
2014-06-13;300786.6;66213.6;367000.2;568846;451952.5;202.14;8653.76;1706.68;0.739;-0.055;0.014;-0.08;1.111;0.8206
2014-06-20;301436;66157.4;367593.4;568846;451952.5;203.08;8701.61;1717.46;0.705;-0.029;0.009;-0.08;1.1175;0.8215
2014-06-27;301092.2;66565.8;367658;568846;451952.5;200.51;8562.11;1693.81;0.646;0;0.008;-0.08;1.1225;0.8224
2014-07-04;301601;65570.3;367171.3;563697;457215.9;203.69;8678.22;1725.52;0.641;0.008;0.01;-0.07;1.1184;0.8226
2014-07-11;306258;61221.8;367479.8;563697;457215.9;199.7;8468.52;1687.37;0.591;-0.04;0.012;-0.07;1.1208;0.8238
2014-07-18;308476.9;59410.4;367887.3;563697;457215.9;201.96;8511.43;1720.13;0.54;-0.054;0.011;-0.05;1.1131;0.823
2014-07-25;310326.5;57680.6;368007.1;563697;457215.9;203.04;8571.48;1734.21;0.504;-0.052;0.016;0;1.1052;0.8229
2014-08-01;309997.5;57516.7;367514.2;566309;466618.1;199.8;8410.27;1702.24;0.508;-0.027;0.018;0;1.1039;0.822
2014-08-08;309522.2;57907.5;367429.7;566309;466618.1;193.93;8274.65;1658.46;0.442;-0.024;0.02;-0.02;1.1045;0.8235
2014-08-15;313327.9;54536.5;367864.4;566309;466618.1;198.67;8366.73;1702.11;0.439;-0.008;0.022;0;1.1079;0.8268
2014-08-22;313949;54361.5;368310.5;566309;466618.1;202.7;8554.16;1738.35;0.494;-0.006;0.022;0;1.0946;0.8263
2014-08-29;314291.3;53834.3;368125.6;566309;466618.1;203.89;8658.97;1747.83;0.426;-0.026;0.018;0;1.089;0.8291
2014-09-05;313189.3;54706;367895.3;569187;471385.2;204.27;8788.77;1754.25;0.47;-0.049;0.009;0.005;1.074;0.8292
2014-09-12;311318.6;56844.2;368162.8;569187;471385.2;203.56;8795.93;1746.42;0.524;-0.047;0.005;-0.05;1.0714;0.8266
2014-09-19;310955.2;57413.3;368368.5;569187;471385.2;203.99;8840.17;1751.49;0.496;-0.055;0.006;0;1.0628;0.8284
2014-09-26;310085;58170.6;368255.6;569187;471385.2;200.74;8774.36;1726.39;0.467;-0.042;0.006;-0.05;1.0511;0.8287
2014-10-03;310398.7;57105.7;367504.4;565481;471452.3;198.24;8683.53;1703.14;0.466;-0.029;0.003;-0.05;1.0337;0.8261
2014-10-10;312996.7;54084.8;367081.5;565481;471452.3;189.11;8374.59;1620.44;0.434;-0.032;0.01;-0.025;1.0449;0.8274
2014-10-17;314003.8;53137.2;367141;565481;471452.3;188.81;8250.1;1611.34;0.451;-0.044;0.007;-0.025;1.0566;0.828
2014-10-24;312519.4;54970.7;367490.1;565481;471452.3;194.63;8532.09;1661.72;0.472;-0.053;0.011;0.02;1.0504;0.8291
2014-10-31;310347.3;57068.6;367415.9;570091;475585.7;199.42;8837.78;1709.57;0.455;-0.065;0.015;-0.025;1.0388;0.8295
2014-11-07;311382.7;55874.3;367257;570091;475585.7;199.72;8816.92;1713.67;0.431;-0.079;0.009;-0.025;1.035;0.8309
2014-11-14;315658.1;52493.9;368152;570091;475585.7;200.94;8915.31;1717.67;0.378;-0.161;0.004;-0.025;1.0426;0.8325
2014-11-21;320698;50110.2;370808.2;570091;475585.7;204.06;9080.55;1749.61;0.368;-0.178;0.003;-0.025;1.0313;0.8322
2014-11-28;319103.4;51499.4;370602.8;570091;475585.7;205.23;9150.46;1757.19;0.299;-0.17;0.001;-0.045;1.0354;0.8316
2014-12-05;314699.5;54501.7;369201.2;577389;475727.8;207.81;9212.85;1785.14;0.297;-0.148;0.003;-0.025;1.0219;0.8316
2014-12-12;313018.1;55604.3;368622.4;577389;475727.8;200.21;8895.35;1699.17;0.243;-0.162;0.007;-0.005;1.0376;0.8326
2014-12-19;316131.4;58506.1;374637.5;577389;475727.8;204.65;8976.24;1746.04;0.24;-0.195;-0.047;-0.005;1.0162;0.8308
2014-12-26;326891.5;59924.2;386815.7;577389;475727.8;206.12;9021.67;1758.2;0.239;-0.228;-0.061;0;1.0124;0.8313
2015-01-02;327697.8;58835;386532.8;567209;510062.4;205.79;8983.37;1751.09;0.342;-0.249;-0.063;0.1;0.9984;0.8317
2015-01-09;329059;59650.9;388709.9;567209;510062.4;208.3;9105.7;1769.49;0.201;-0.352;-0.117;-0.05;0.9859;0.8327
2015-01-16;339614.3;62407.4;402021.7;567209;510062.4;183.39;7899.59;1537.43;-0.08;-0.71;-0.426;-0.14;1.1647;1.0071
2015-01-23;365486.1;62736.5;428222.6;567209;510062.4;186.2;8161.16;1571.12;-0.293;-1.247;-0.954;0;1.1345;1.0142
2015-01-30;383324.6;59699.4;443024;567209;510062.4;191.31;8385.13;1625.07;-0.075;-0.792;-0.854;-1.25;1.0866;0.961
2015-02-06;384889.1;58148.2;443037.3;566951;507856.1;196.75;8587.99;1675.04;-0.083;-0.844;-0.885;0;1.0792;0.9537
2015-02-13;384920.1;58279.5;443199.6;566951;507856.1;201.13;8651.98;1713.47;0.013;-0.881;-0.907;0;1.0725;0.9416
2015-02-20;382965.3;60410.5;443375.8;566951;507856.1;206.15;8892.17;1758.97;0.042;-0.861;-0.897;0;1.0658;0.936
2015-02-27;383657;59713;443370;566951;507856.1;211.28;9014.53;1803.16;0;-0.835;-0.85;-1.05;1.0484;0.9363
2015-03-06;378793;64099;442892;567887;519330.2;214.42;9080.03;1827.44;-0.055;-0.648;-0.758;-0.3;1.0143;0.9355
2015-03-13;378797;64197;442994;567887;519330.2;216.24;9156.02;1840.12;-0.064;-0.815;-0.807;-0.65;0.995;0.9475
2015-03-20;376503;66985;443488;567887;519330.2;218.07;9396.29;1854.37;-0.09;-0.757;-0.79;-0.875;1.0259;0.948
2015-03-27;379353;64320;443673;567887;519330.2;213.94;9083.52;1806.66;-0.039;-0.772;-0.807;-0.4;1.04;0.9548
2015-04-03;377387;65806;443193;572826;531911.4;215.76;9130.6;1817.52;-0.081;-0.8;-0.814;-0.8;1.0511;0.9569
2015-04-10;377961;65571;443532;572826;531911.4;221;9471.46;1868.59;-0.109;-0.825;-0.804;-0.5;1.0211;0.9632
2015-04-17;383984;60906;444890;572826;531911.4;216.23;9245.92;1819.45;-0.179;-0.878;-0.816;-0.75;1.0502;0.9719
2015-04-24;385899;61300;447199;572826;531911.4;218.18;9302.12;1837.13;-0.129;-0.889;-0.812;-0.75;1.0483;0.9643
2015-05-01;384147;65315;449462;566532;536364.1;215.52;9077.12;1811.15;0.013;-0.788;-0.795;-0.6;1.0723;0.9576
2015-05-08;379364;71126;450490;566532;536364.1;213.97;9093.33;1794.36;0.054;-0.814;-0.792;0;1.0742;0.9591
2015-05-15;377233;75269;452502;566532;536364.1;214.99;9109.92;1800.74;0.048;-0.822;-0.792;-0.775;1.0917;0.9538
2015-05-22;380102;73674;453776;566532;536364.1;216.58;9353.3;1817.83;0.008;-0.839;-0.788;-0.775;1.0621;0.9624
2015-05-29;380536;73504;454040;566532;536364.1;214.15;9237.79;1795.14;-0.082;-0.912;-0.788;-0.8;1.0635;0.9676
2015-06-05;380536;73504;454040;568534;525478.9;212.3;9105.02;1774.64;0.092;-0.825;-0.778;-0.8;1.0644;0.9576
2015-06-12;383387;71699;455086;568534;525478.9;210.53;9026.43;1757.86;0.143;-0.906;-0.775;-0.78;1.077;0.9557
2015-06-19;388242;67533;455775;568534;525478.9;206.77;8867.32;1721.62;0.123;-0.925;-0.785;-0.45;1.0896;0.9597
2015-06-26;391461;65116;456577;568534;525478.9;207.34;9007.5;1733.06;0.149;-0.892;-0.782;-0.76;1.0719;0.9594
2015-07-03;391134;66731;457865;568371;529520.6;206.02;8912.84;1725.34;0.088;-0.936;-0.789;-0.5;1.0633;0.9581
2015-07-10;396073;63934;460007;568371;529520.6;207.85;9134.18;1747.92;0.086;-0.907;-0.779;-0.8;1.065;0.9549
2015-07-17;396752;64106;460858;568371;529520.6;213.89;9446.17;1804.05;0.054;-0.894;-0.753;-0.78;1.0395;0.96
2015-07-24;397630;64260;461890;568371;529520.6;212.49;9322.97;1784.42;-0.056;-0.887;-0.739;-0.78;1.0385;0.9465
2015-07-31;398217;63841;462058;570623;550669.8;215.87;9428.17;1822.45;-0.062;-0.891;-0.739;-0.79;1.0349;0.9421
2015-08-07;395840;66483;462323;570623;550669.8;216.31;9408.27;1832.92;-0.146;-0.892;-0.729;-0.79;1.0165;0.9269
2015-08-14;395955;67026;462981;570623;550669.8;215.22;9346.56;1817.26;-0.185;-0.878;-0.725;-0.85;1.0242;0.9222
2015-08-21;394737;68706;463443;570623;550669.8;206.13;8798.57;1729.77;-0.21;-0.868;-0.727;-0.82;1.0565;0.9277
2015-08-28;396035;67850;463885;570623;550669.8;206.33;8785.1;1731.25;-0.15;-0.795;-0.724;-0.8;1.0388;0.929
2015-09-04;395064;68859;463923;572319;557883.5;204.85;8652.35;1723.55;-0.168;-0.774;-0.727;-0.8;1.0291;0.9227
2015-09-11;398200;66100;464300;572319;557883.5;207.54;8772.44;1750.35;-0.099;-0.768;-0.731;-0.8;1.0316;0.9098
2015-09-18;402200;62749;464949;572319;557883.5;207.11;8739.22;1744.37;-0.056;-0.776;-0.727;-0.8;1.0325;0.9134
2015-09-25;405082;60518;465600;572319;557883.5;202.11;8505.94;1699.11;-0.096;-0.826;-0.727;-0.79;1.0212;0.9122
2015-10-02;399162;66141;465303;569406;566181.9;201.94;8515.52;1701.19;-0.225;-0.873;-0.731;-0.765;1.0292;0.9178
2015-10-09;401151;64151;465302;569406;566181.9;209.02;8680.21;1771.89;-0.195;-0.855;-0.724;-0.765;1.0396;0.9153
2015-10-16;399077;66852;465929;569406;566181.9;207.78;8715.73;1763.81;-0.244;-0.86;-0.724;-0.75;1.0486;0.9238
2015-10-23;401209;65758;466967;569406;566181.9;213.8;8910.52;1825.67;-0.316;-0.947;-0.731;-0.765;1.0217;0.9273
2015-10-30;402590;64788;467378;569406;566181.9;213.92;8938.65;1819.2;-0.294;-0.954;-0.732;-0.75;1.0123;0.9198
2015-11-06;402590;64601;467191;554804;571928.7;218;8970.27;1859.59;-0.305;-1.035;-0.756;-0.75;0.9946;0.9258
2015-11-13;401896;65776;467672;554804;571928.7;214.94;8749.84;1832.38;-0.324;-1.125;-0.788;-0.78;0.9939;0.9228
2015-11-20;402695;65639;468334;554804;571928.7;219.4;9015.83;1877.15;-0.341;-1.158;-0.806;-0.78;0.9818;0.9222
2015-11-27;401629;66725;468354;554804;571928.7;220.12;9002.96;1886.23;-0.372;-1.146;-0.82;-0.78;0.971;0.9167
2015-12-04;397098;70441;467539;561065;586970.5;220.25;8802.89;1879.43;-0.242;-1.067;-0.82;-0.8;1.0039;0.9227
2015-12-11;401399;66283;467682;561065;586970.5;214.01;8502.06;1822.01;-0.234;-0.992;-0.767;-0.81;1.0175;0.9256
2015-12-18;406130;62241;468371;561065;586970.5;218.23;8608.91;1859.69;-0.173;-0.955;-0.769;-0.79;1.0078;0.9274
2015-12-25;405989;62278;468267;561065;586970.5;220.24;8705.74;1878.04;-0.112;-0.929;-0.77;-0.75;1.0115;0.9222
2016-01-01;403759;64166;467925;559297;593234.1;223.29;8818.09;1905.52;-0.091;-0.887;-0.756;-0.75;0.9985;0.9199
2016-01-08;404004;65495;469499;559297;593234.1;210.83;8257.28;1783.51;-0.117;-0.852;-0.751;-0.84;1.0052;0.9197
2016-01-15;403841;67490;471331;559297;593234.1;205.85;8107.13;1748.01;-0.167;-0.886;-0.753;-0.81;0.9986;0.9152
2016-01-22;403135;69244;472379;559297;593234.1;208.88;8271.11;1776.97;-0.202;-0.944;-0.756;-0.79;0.9839;0.9118
2016-01-29;407335;65330;472665;559297;593234.1;215.13;8319.81;1838.63;-0.279;-0.955;-0.757;-0.76;0.9775;0.9023
2016-02-05;406171;66341;472512;560220;599758.6;209.98;7960.13;1787.17;-0.277;-0.928;-0.751;-0.76;1.0089;0.9045
2016-02-12;409207;64210;473417;560220;599758.6;200.45;7656.6;1701.08;-0.272;-0.954;-0.7756;-0.76;1.023;0.9093
2016-02-19;411600;64600;476200;560220;599758.6;210.75;7863.36;1799.04;-0.333;-1.01;-0.7822;-0.78;1.0104;0.9074
2016-02-26;418085;59560;477645;560220;599758.6;214.67;7877.03;1832.78;-0.412;-1.076;-0.8066;-0.78;1.0036;0.9176
2016-03-04;415273;64168;479441;563209;589812.6;219.85;7982.57;1880.05;-0.408;-1.073;-0.8;-0.84;1.007;0.9151
2016-03-11;411885;69409;481294;563209;589812.6;221.46;7998.43;1891.87;-0.302;-0.941;-0.7562;-0.84;1.0175;0.9128
2016-03-18;418418;64107;482525;563209;589812.6;221.36;7813.68;1876.5;-0.335;-0.995;-0.7312;-0.84;1.0317;0.9154
2016-03-25;419599;63723;483322;563209;589812.6;218.73;7775.58;1855.71;-0.352;-0.965;-0.7292;-0.84;1.023;0.9161
2016-04-01;420266;63495;483761;571932;595374.6;221.22;7688.34;1881.5;-0.364;-0.952;-0.7332;-0.725;1.0435;0.9165
2016-04-08;423583;62843;486426;571932;595374.6;222.85;7817.55;1901.49;-0.386;-0.956;-0.729;-0.81;1.0488;0.9201
2016-04-15;423800;65369;489169;571932;595374.6;223.83;8014.6;1903.42;-0.382;-0.97;-0.7246;-0.81;1.0333;0.9156
2016-04-22;425138;65731;490869;571932;595374.6;223.78;8109.44;1901.65;-0.283;-0.915;-0.7204;-0.79;1.0221;0.9104
2016-04-29;423933;67284;491217;571932;595374.6;221.7;7960.85;1877.2;-0.259;-0.892;-0.7294;-0.79;1.0424;0.9103
2016-05-06;419500;72190;491690;572168;616130.4;221.13;7735.6;1880.7;-0.319;-0.919;-0.7328;-0.79;1.0282;0.9016
2016-05-13;418950;73879;492829;572168;616130.4;223.04;7925.76;1899.25;-0.327;-0.923;-0.735;-0.79;1.0253;0.9065
2016-05-20;420234;73378;493612;572168;616130.4;224.86;7997.3;1914.42;-0.292;-0.905;-0.7334;-0.81;1.0098;0.8997
2016-05-27;420686;73377;494063;572168;616130.4;228.53;8292.45;1939.47;-0.322;-0.876;-0.7332;-0.81;1.0054;0.9046
2016-06-03;418154;75394;493548;575022;624227.2;227.58;8148.4;1921.64;-0.436;-0.926;-0.7378;-0.81;1.0246;0.9015
2016-06-10;415596;78170;493766;575022;624227.2;222.98;7922.71;1877.67;-0.477;-1.003;-0.7538;-0.81;1.0369;0.9215
2016-06-17;416535;79819;496354;575022;624227.2;217;7713.61;1826.46;-0.506;-1.075;-0.7722;-0.81;1.0421;0.924
2016-06-24;423466;77765;501231;575022;624227.2;217.86;7747.18;1833.08;-0.524;-1.051;-0.7992;-0.875;1.0272;0.9261
2016-07-01;430337;77163;507500;576172;635269.6;223.57;8085.21;1887.22;-0.621;-1.164;-0.7822;-0.975;1.0272;0.9227
2016-07-08;434058;76418;510476;576172;635269.6;220.53;8037.94;1858.35;-0.648;-1.152;-0.7762;-0.94;1.0169;0.9204
2016-07-15;434701;76343;511044;576172;635269.6;225.21;8156.26;1899.15;-0.573;-1.066;-0.765;-0.88;1.0179;0.9221
2016-07-22;433376;78079;511455;576172;635269.6;228.13;8194.73;1924.51;-0.539;-1.015;-0.7556;-0.84;1.0131;0.9229
2016-07-29;435006;76368;511374;576172;635269.6;229.83;8127.2;1936.55;-0.598;-1.044;-0.7476;-0.975;1.0315;0.923
2016-08-05;437319;74050;511369;582853;641049.8;231.26;8194.34;1946.74;-0.561;-0.992;-0.7524;-0.89;1.0195;0.9195
2016-08-12;434742;78186;512928;582853;641049.8;236.25;8295.04;1993;-0.578;-1.034;-0.7416;-0.88;1.026;0.9192
2016-08-19;436095;78029;514124;582853;641049.8;232.39;8127.28;1949.35;-0.514;-0.98;-0.7386;-0.86;1.0414;0.9195
2016-08-26;438083;77516;515599;582853;641049.8;233.13;8168.32;1955.77;-0.551;-0.97;-0.7386;-0.86;1.0224;0.9129
2016-09-02;438731;77040;515771;585944;656555.4;234.94;8294.3;1978.44;-0.473;-0.963;-0.736;-0.86;1.0199;0.9143
2016-09-09;438556;77276;515832;585944;656555.4;233.74;8264.13;1960.09;-0.456;-0.964;-0.7284;-0.86;1.025;0.9125
2016-09-16;438709;77952;516661;585944;656555.4;232.65;8130.44;1954.67;-0.422;-0.964;-0.7438;-0.81;1.0201;0.9143
2016-09-23;444599;72559;517158;585944;656555.4;236.13;8272.89;1985.81;-0.492;-0.983;-0.7464;-0.81;1.0308;0.9181
2016-09-30;452900;64478;517378;584825;666227.5;235.22;8139.01;1978.35;-0.575;-1.009;-0.75;-1;1.0295;0.9156
2016-10-07;451945;65677;517622;584825;666227.5;234.74;8124.59;1973.55;-0.511;-0.967;-0.7332;-0.82;1.023;0.9136
2016-10-14;451376;66800;518176;584825;666227.5;234.79;8089.91;1978.59;-0.497;-0.976;-0.7282;-0.81;1.0098;0.9204
2016-10-21;451255;67235;518490;584825;666227.5;233.95;8034.86;1972.95;-0.521;-0.986;-0.724;-0.79;1.0064;0.9246
2016-10-28;451946;66558;518504;584825;666227.5;231.1;7908.57;1947.85;-0.417;-0.935;-0.73;-0.76;1.0124;0.9215
2016-11-04;451841;66709;518550;588655;664465.2;226.03;7593.2;1906.72;-0.384;-0.96;-0.7292;-0.74;1.0325;0.927
2016-11-11;449849;70004;519853;588655;664465.2;227.79;7880.29;1918.72;-0.206;-0.899;-0.7312;-0.79;1.0125;0.9323
2016-11-18;458403;66254;524657;588655;664465.2;231.45;7904.55;1949.55;-0.137;-0.917;-0.7392;-0.85;0.9902;0.9349
2016-11-25;463012;64607;527619;588655;664465.2;231.52;7881.53;1951.35;-0.203;-0.982;-0.7464;-0.76;0.9857;0.9318
2016-12-02;457600;69900;527500;590616;683305.9;229.44;7784.01;1934.25;-0.163;-0.954;-0.747;-0.975;0.9897;0.9281
2016-12-09;454800;72600;527400;590616;683305.9;232.24;8099.63;1957.31;-0.097;-0.932;-0.7372;-0.84;0.9832;0.931
2016-12-16;457309;70584;527893;590616;683305.9;232.66;8227.72;1961.23;-0.111;-0.936;-0.7388;-0.84;0.974;0.932
2016-12-23;463600;64800;528400;590616;683305.9;234.85;8232.64;1977.65;-0.157;-0.933;-0.7312;-0.76;0.9741;0.9316
2016-12-30;466272;62693;528965;590616;683305.9;236.64;8219.87;1991.3;-0.224;-0.956;-0.7292;-1.375;0.9815;0.9331
2017-01-06;467564;62094;529658;593142;696104.2;240.12;8417.46;2019.26;-0.127;-0.822;-0.7292;-0.69;0.9821;0.9325
2017-01-13;464147;67250;531397;593142;696104.2;241.31;8452.19;2031.01;-0.175;-0.833;-0.7272;-0.74;0.9913;0.9314
2017-01-20;464281;67987;532268;593142;696104.2;241.08;8275.13;2032.49;-0.089;-0.796;-0.7294;-0.74;0.998;0.9328
2017-01-27;466714;66066;532780;593142;696104.2;243.01;8379.57;2042.13;-0.094;-0.816;-0.7274;-0.725;1.0007;0.9354
2017-02-03;462994;72200;535194;594644;674519.8;243.81;8350.84;2045.7;-0.089;-0.829;-0.7262;-0.76;1.0075;0.9342
2017-02-10;464516;74484;539000;594644;674519.8;248.17;8456.22;2081.67;-0.139;-0.827;-0.7244;-0.76;0.9974;0.9376
2017-02-17;467990;75468;543458;594644;674519.8;249.29;8506.49;2094.85;-0.154;-0.888;-0.7264;-0.81;0.9973;0.9395
2017-02-24;470161;78006;548167;594644;674519.8;250.65;8525.62;2111.29;-0.244;-0.943;-0.7292;-0.81;0.9924;0.9396
2017-03-03;471479;81885;553364;597274;702517.1;254.03;8670.06;2139.69;-0.149;-0.869;-0.724;-0.81;0.9924;0.9343
2017-03-10;467429;87977;555406;597274;702517.1;256.36;8669.97;2163.08;0.024;-0.762;-0.723;-0.875;0.9891;0.927
2017-03-17;470893;86280;557173;597274;702517.1;258.04;8698.53;2177.89;-0.045;-0.773;-0.726;-0.8;1.0015;0.9327
2017-03-24;476304;83777;560081;597274;702517.1;257.19;8613.64;2166.1;-0.049;-0.754;-0.7312;-0.81;1.0087;0.9341
2017-03-31;475149;86560;561709;602321;710532.1;259.02;8658.89;2188.08;-0.12;-0.794;-0.7296;-0.9;0.9971;0.9359
2017-04-07;476198;87919;564117;602321;710532.1;260.06;8640.91;2196.96;-0.204;-0.832;-0.7298;-0.76;0.9911;0.9358
2017-04-14;480630;86508;567138;602321;710532.1;262.94;8629.02;2223.4;-0.194;-0.849;-0.7322;-0.76;0.9946;0.9374
2017-04-21;480587;88466;569053;602321;710532.1;261.89;8553.99;2208.88;-0.227;-0.847;-0.7322;-0.81;1.0038;0.936
2017-04-28;479458;91990;571448;602321;710532.1;271.97;8812.67;2307.1;-0.143;-0.798;-0.73;-0.81;1.0052;0.9225
2017-05-05;480512;92553;573065;604109;730113.5;276.87;9016.66;2361.91;-0.076;-0.769;-0.732;-0.81;1.0127;0.9208
2017-05-12;484541;90451;574992;604109;730113.5;279.61;9123.41;2383.16;-0.089;-0.773;-0.727;-0.81;0.9987;0.914
2017-05-19;487479;88030;575509;604109;730113.5;274.84;9022.51;2336.9;-0.128;-0.814;-0.7292;-0.81;1.0278;0.9171
2017-05-26;489295;86678;575973;604109;730113.5;278.59;9042.03;2374.35;-0.148;-0.814;-0.7296;-0.79;1.0263;0.9179
2017-06-02;480329;95733;576062;613757;727977.5;279;9043.96;2374.72;-0.206;-0.851;-0.7296;-0.79;1.039;0.921
2017-06-09;476194;100208;576402;613757;727977.5;277.49;8845.85;2365.96;-0.193;-0.864;-0.7306;-0.4845;1.0316;0.9213
2017-06-16;482027;95411;577438;613757;727977.5;278.81;8963.29;2372.06;-0.176;-0.842;-0.7306;-0.4535;1.027;0.9172
2017-06-23;491740;86509;578249;613757;727977.5;278.23;9032.89;2363.53;-0.184;-0.829;-0.7306;-0.85;1.0318;0.9217
2017-06-30;490071;88573;578644;614523;724360.7;273.77;8906.89;2316.39;-0.049;-0.731;-0.73;-0.875;1.0435;0.9132
2017-07-07;486024;92682;578706;614523;724360.7;274.23;8883.27;2319.81;-0.006;-0.708;-0.7264;-0.8;1.0374;0.9099
2017-07-14;482673;96235;578908;614523;724360.7;278.38;9034.57;2365.23;-0.011;-0.694;-0.7286;-0.8025;1.038;0.905
2017-07-21;475443;103693;579136;614523;724360.7;277.37;8938.68;2366.12;-0.036;-0.712;-0.7286;-0.7775;1.0575;0.9065
2017-07-28;478934;100212;579146;614523;724360.7;278.04;9019.31;2369.96;0.028;-0.672;-0.7256;-0.8025;1.0322;0.8784
2017-08-04;479860;98783;578643;618973;745274.4;283.75;9176.99;2425.23;-0.091;-0.724;-0.7256;-0.7725;1.0279;0.8731
2017-08-11;476299;102612;578911;618973;745274.4;274.24;8884.04;2338.75;-0.19;-0.792;-0.7262;-0.8;1.0397;0.8794
2017-08-18;470257;109233;579490;618973;745274.4;277.01;8874.35;2363.1;-0.145;-0.763;-0.7258;-0.8;1.0365;0.8813
2017-08-25;472003;107751;579754;618973;745274.4;278.84;8906.18;2391.93;-0.162;-0.774;-0.7264;-0.8;1.0456;0.8768
2017-09-01;468516;110732;579248;624157;747029.9;279.22;8941.62;2402.85;-0.157;-0.778;-0.7262;-0.8;1.0364;0.874
2017-09-08;471462;107529;578991;624157;747029.9;279.46;8912.05;2410.17;-0.189;-0.81;-0.7262;-0.8;1.0591;0.88
2017-09-15;472550;106482;579032;624157;747029.9;282.91;9028.05;2443.05;-0.078;-0.737;-0.726;-0.79;1.0421;0.8719
2017-09-22;476188;103076;579264;624157;747029.9;284.77;9136.72;2458.8;-0.078;-0.742;-0.726;-0.8;1.0314;0.8633
2017-09-29;472974;105988;578962;624157;747029.9;285.72;9157.46;2460.17;-0.052;-0.74;-0.726;-0.99;1.0328;0.8741
2017-10-06;472875;105646;578521;624543;760965.6;288.36;9252.12;2482.12;-0.047;-0.741;-0.726;-0.85;1.0225;0.8713
2017-10-13;471303;107203;578506;624543;760965.6;291.98;9311.69;2517.54;-0.076;-0.761;-0.7264;-0.85;1.026;0.8683
2017-10-20;468663;109941;578604;624543;760965.6;289.03;9237.13;2494.03;-0.057;-0.753;-0.7264;-0.85;1.016;0.8622
2017-10-27;469397;109141;578538;624543;760965.6;294.12;9183.42;2555.45;-0.079;-0.773;-0.7264;-0.85;1.0022;0.8631
2017-11-03;468761;109081;577842;630555;782817.6;297.78;9322.05;2590.15;-0.115;-0.784;-0.737;-0.85;0.9995;0.8609
2017-11-10;472652;104879;577531;630555;782817.6;292.58;9134.16;2545.82;-0.098;-0.785;-0.7414;-0.855;1.0041;0.8607
2017-11-17;475147;102484;577631;630555;782817.6;292.43;9183.61;2547.4;-0.151;-0.806;-0.751;-0.85;1.0112;0.858
2017-11-24;477945;99596;577541;630555;782817.6;296.57;9325.6;2576.64;-0.154;-0.784;-0.751;-0.855;1.0207;0.8554
2017-12-01;475273;101507;576780;636584;784238.6;293.67;9274.55;2548.5;-0.171;-0.795;-0.753;-0.855;1.0244;0.8611
2017-12-08;476431;99442;575873;636584;784238.6;297.68;9319.16;2591.43;-0.191;-0.798;-0.7568;-0.85;1.0074;0.8556
2017-12-15;479895;95503;575398;636584;784238.6;297.14;9394.71;2575.56;-0.202;-0.801;-0.7582;-0.85;1.0097;0.859
2017-12-22;481132;93433;574565;636584;784238.6;299.81;9394.49;2594.95;-0.143;-0.785;-0.7558;-0.85;1.0118;0.8525
2017-12-29;473411;99800;573211;636584;784238.6;300.29;9381.87;2592.29;-0.178;-0.8;-0.7462;-0.85;1.0261;0.8549
2018-01-05;471361;101446;572807;635615;790124.8;308.17;9556.98;2663.28;-0.127;-0.694;-0.7356;-0.85;1.0258;0.8529
2018-01-12;473922;99890;573812;635615;790124.8;310.42;9546.61;2669.3;-0.016;-0.652;-0.7356;-0.855;1.0337;0.847
2018-01-19;468854;105800;574654;635615;790124.8;312.84;9509.77;2690.13;-0.022;-0.695;-0.742;-0.855;1.0378;0.8492
2018-01-26;465130;109865;574995;635615;790124.8;310.04;9515.56;2651.56;0.047;-0.651;-0.742;-0.855;1.0709;0.862
2018-02-02;465385;109328;574713;638989;759714.5;303.23;9220.69;2601.07;0.144;-0.636;-0.7474;-0.855;1.0738;0.862
2018-02-09;466418;108293;574711;638989;759714.5;287.8;8682;2470.28;0.152;-0.642;-0.7434;-0.855;1.0643;0.8695
2018-02-16;461998;113134;575132;638989;759714.5;299.97;8986.72;2578.58;0.13;-0.673;-0.7456;-0.8525;1.0782;0.8696
2018-02-23;460158;115805;575963;638989;759714.5;298.27;8948.19;2555.48;0.085;-0.712;-0.7446;-0.855;1.0681;0.8686
2018-03-02;458255;117773;576028;641572;767985.2;287.09;8628.51;2449.95;0.049;-0.748;-0.7446;-0.875;1.0666;0.8658
2018-03-09;464341;111511;575852;641572;767985.2;298.77;8931.85;2560.2;0.084;-0.727;-0.742;-0.85;1.0511;0.8541
2018-03-16;466352;109552;575904;641572;767985.2;296.82;8882.53;2537.87;0.055;-0.772;-0.74;-0.855;1.0501;0.8545
2018-03-23;469638;106394;576032;641572;767985.2;289.05;8569.08;2473.65;0.035;-0.789;-0.7362;-0.8525;1.0557;0.8545
2018-03-30;469168;106248;575416;641572;767985.2;291.2;8740.97;2501.86;0.001;-0.8;-0.7354;-0.85;1.0486;0.8507
2018-04-06;465402;109449;574851;644345;768362.9;289.51;8671.04;2480.39;-0.022;-0.815;-0.735;-0.85;1.0426;0.849
2018-04-13;466245;108885;575130;644345;768362.9;293.35;8776.17;2515.03;-0.01;-0.743;-0.7352;-0.85;1.0394;0.8429
2018-04-20;471997;103365;575362;644345;768362.9;298.33;8807.8;2558.68;0.096;-0.647;-0.7312;-0.85;1.0257;0.835
2018-04-27;471190;103987;575177;644345;768362.9;299.92;8843.02;2586.34;0.064;-0.673;-0.7282;-0.85;1.0124;0.8345
2018-05-04;473801;102142;575943;645540;787388.5;301.68;8903.83;2610.09;0.019;-0.672;-0.7226;-0.855;1;0.8361
2018-05-11;472752;103489;576241;645540;787388.5;307.24;8993.51;2661;0.045;-0.628;-0.7196;-0.85;0.9997;0.8372
2018-05-18;470379;106001;576380;645540;787388.5;304.94;8940.46;2645.56;0.073;-0.63;-0.7236;-0.85;1.0021;0.8515
2018-05-25;466330;110295;576625;645540;787388.5;302.55;8759.08;2625.63;-0.028;-0.711;-0.7336;-0.85;1.0105;0.8673
2018-06-01;467337;109160;576497;649133;774548.6;300.07;8618.54;2595.26;-0.086;-0.746;-0.7348;-0.85;1.0121;0.868
2018-06-08;463802;112513;576315;649133;774548.6;303.06;8512.06;2628.82;0;-0.681;-0.7338;-0.85;1.0148;0.8624
2018-06-15;465819;110642;576461;649133;774548.6;306.11;8642.6;2670;-0.059;-0.73;-0.7312;-0.85;1.0024;0.8634
2018-06-22;466795;109903;576698;649133;774548.6;299.98;8616.56;2619;-0.065;-0.706;-0.731;-0.855;1.0122;0.8683
2018-06-29;469308;107123;576431;649133;774548.6;297.82;8609.3;2598.1;-0.105;-0.69;-0.7316;-0.85;1.0096;0.864
2018-07-06;468634;107328;575962;645554;783814.4;296.31;8697.42;2598.86;-0.138;-0.695;-0.7302;-0.85;1.0103;0.8606
2018-07-13;473049;103014;576063;645554;783814.4;301.99;8861.05;2657.79;-0.101;-0.677;-0.7172;-0.85;0.9983;0.8543
2018-07-20;474202;102175;576377;645554;783814.4;301.89;8991.34;2665.18;-0.069;-0.668;-0.7238;-0.85;1.0076;0.8594
2018-07-27;476486;99887;576373;645554;783814.4;305.4;9173.2;2700.1;-0.061;-0.641;-0.7216;-0.85;1.0057;0.8626
2018-08-03;476154;99743;575897;650560;776934.6;303.5;9158;2685.33;-0.054;-0.641;-0.7256;-0.85;1.0059;0.8694
2018-08-10;473360;102759;576119;650560;776934.6;302.54;9031.33;2663.48;-0.135;-0.691;-0.7232;-0.85;1.0047;0.8804
2018-08-17;472595;104130;576725;650560;776934.6;298.33;9003.91;2632.45;-0.156;-0.723;-0.7256;-0.85;1.0045;0.878
2018-08-24;477033;99797;576830;650560;776934.6;303.97;9052.9;2685.83;-0.136;-0.695;-0.7256;-0.85;1.0169;0.8749
2018-08-31;477838;98398;576236;655168;753850.2;305.09;8973.56;2691.53;-0.124;-0.702;-0.7284;-0.85;1.0321;0.8895
2018-09-07;475702;100777;576479;655168;753850.2;296.32;8843.11;2602.59;-0.091;-0.684;-0.7284;-0.85;1.0317;0.8931
2018-09-14;474712;102376;577088;655168;753850.2;301.02;8970;2659.47;-0.042;-0.673;-0.7306;-0.85;1.0337;0.8892
2018-09-21;470768;106845;577613;655168;753850.2;298.67;8995.38;2631.06;-0.014;-0.674;-0.7308;-0.85;1.0431;0.8877
2018-09-28;474784;103130;577914;655168;753850.2;297.75;9087.99;2625.81;0.014;-0.66;-0.7358;-0.85;1.0233;0.879
2018-10-05;469434;108070;577504;654692;763049.3;289.05;9042.08;2538.01;0.057;-0.645;-0.7414;-0.85;1.0233;0.879
2018-10-12;468242;109339;577581;654692;763049.3;273.02;8660.38;2388.41;0.055;-0.653;-0.7424;-0.85;1.0233;0.879
2018-10-19;471581;106343;577924;654692;763049.3;274.87;8872.09;2406.08;-0.009;-0.69;-0.7464;-0.85;1.0233;0.879
2018-10-26;470058;107974;578032;654692;763049.3;264.06;8665.8;2297.43;-0.066;-0.729;-0.7412;-0.85;1.0233;0.879
2018-11-02;469903;107622;577525;661379;778050;278.75;8992.3;2437.13;-0.011;-0.691;-0.746;-0.85;1.0233;0.879
2018-11-09;475638;101563;577201;661379;778050;275.07;9074.03;2397.66;-0.015;-0.702;-0.7478;-0.85;1.0233;0.879
2018-11-16;474475;102862;577337;661379;778050;263.06;8907.39;2283.84;-0.047;-0.716;-0.7438;-0.85;1.0233;0.879
2018-11-23;472714;104628;577342;661379;778050;259.57;8845.9;2249.67;-0.103;-0.716;-0.745;-0.85;1.0233;0.879
2018-11-30;471974;104914;576888;668000;775131.2;260.58;9037.76;2255.52;-0.091;-0.716;-0.7382;-0.85;1.0233;0.879
2018-12-07;472503;103880;576383;668000;775131.2;253.1;8741.03;2196.36;-0.091;-0.716;-0.739;-0.85;1.0233;0.879
2018-12-14;471644;104676;576320;668000;775131.2;251.26;8713.68;2184.37;-0.091;-0.716;-0.7322;-0.85;1.0233;0.879
2018-12-21;474489;101055;575544;668000;775131.2;240.19;8417.29;2078.64;-0.091;-0.716;-0.7344;-0.85;1.0233;0.879
2018-12-28;479005;95184;574189;668000;775131.2;243.17;8429.3;2102.35;-0.091;-0.716;-0.718;-0.85;1.0233;0.879
2019-01-04;480032;93996;574028;670280;763727.9;246.88;8608.56;2126.03;-0.091;-0.716;-0.7116;-0.85;1.0233;0.879
2019-01-11;482959;92231;575190;670280;763727.9;255.5;8828.22;2201.99;-0.091;-0.716;-0.7024;-0.85;1.0233;0.879
2019-01-18;482302;94027;576329;670280;763727.9;263.19;9023.96;2288.6;-0.091;-0.716;-0.702;-0.85;1.0233;0.879
2019-01-25;481691;94995;576686;670280;763727.9;264.45;8922.49;2302.75;-0.091;-0.716;-0.6988;-0.85;1.0233;0.879
2019-02-01;482661;93588;576249;671291;763727.9;264.41;8996.36;2299.49;-0.091;-0.716;-0.7062;-0.85;1.0233;0.879
2019-02-08;486790;89457;576247;671291;763727.9;261.72;9003.41;2286.68;-0.091;-0.716;-0.7062;-0.85;1.0233;0.879
2019-02-15;492743;83596;576339;671291;763727.9;268.74;9242.12;2361.66;-0.091;-0.716;-0.7062;-0.85;1.0233;0.879
2019-02-22;493588;82954;576542;671291;763727.9;271.52;9348.93;2384.06;-0.091;-0.716;-0.7062;-0.85;1.0233;0.879